,contents
0,no_content
1,no_content
2,no_content
3,没想到，2年后，我还会重新打开这个账号。这段尘封我痛苦的记忆。现在想想，当初去派出所报案，警察问我他有没有打我，要不要验伤，我说不用，真的好**。那段时间，为了小孩，我一直都承受着他带来了痛苦。只要他不打小孩，他对我怎么样我都可以忍着。那段时间，我深深地体会到为母则刚这四个字。虽然我记忆力不好，但我永远不会忘记，我和孩子匆匆逃离广州，急急忙忙在车站买最近一班的车票，跑去上车的情景，孩子他非常配合，帮忙推着行李一路跑着，生怕赶不上车。他都懂的吧。
4,离开就好了
5,离了没？离开也是好事
6,no_content
7,no_content
8,no_content
9,生而为人 本就有很多烦心事但有些事你害怕说出来后那人保守不住秘密被身边人知晓 然后你的秘密就会大白于天下 被当成很多人茶余饭后的谈资有些事你走不出又不想做困兽却无奈心里实在难受他人又无法理解有些事有些话你想说却不知从何说起也不知应该向谁说...其实每个人都或多或少有一些心理问题 但并不是每次心理难受到崩溃都是抑郁症 退一万步来说就算是抑郁症也不是什么绝症必死不可有些事有些话说出来 说出来也许解决不了什么根本问题 但至少 至少会让你好受一些 因为听你说这些话的我 绝无半分害你的心思我 真真切切是善意的我不知道你 但你知道我 所以你是绝对安全的 而我就在这里 所以你是有人陪伴的我并非什么心理医生 我只是一个生长在重庆的18岁的姑娘 我只是想好好陪你说说话就我 和你 我们两个好好说说话最后 我想说我本意是想做个心理医生的 但是我又不想做医院里的那些医生 我只是想要可以让人放心大胆的说话 而我就静静的聆听 如果那个人想要我的回答 我就说说我的想法嗯对 就是这个职业就好了 我不知道靠这种做法的职业叫什么 而且我觉得可能什么出国留学啊或者其他高等文凭我应该是做不到了 所以简单点就好了 就和人说说话 就是我的工作了那也不错但也可能是我天真了 这种方式的工作怎么会存在 很不现实 对吧但我想要试一试 就从这一步开始着手我今年18岁 大约是14还是15岁的时候检查出重度焦虑症 抑郁症 慢性失眠症等 到现在我还在吃药治疗 大约是换了太多医院太多医生的缘故 所以起了这种工作的念头我有故事 我有初心 我有时间 那么你愿意和我说话吗 那你想要在哪里和我说话呢贴吧 扣扣 还是电话呢或者你还有其他的沟通方式呢如果你不想要我说话那我会好好听你说话也会为你保守秘密 如果你想要听我说话那我会说给你听我的想法 也许解决不了什么问题 但应该也能给你带去一些温暖那么你愿意和我说说话吗张荆棘写于2016年10月10日很感谢你耐心看到了现在也厚着脸皮希望你如若还有些耐心就继续看下去
10,好久不见当年那个18岁的小姑娘如今已经22岁了四五年的时间会发生很多事 也会改变很多事而我 却偏偏好像没什么变化我的情绪病还是没有好 如果不吃药的话我就会整夜整夜的彻底睡不着但尽管我每日都按时吃药 我的情绪病也还是会在不知道什么时候 什么地点就开始发作但仔细想想 我又好像发生了那么一丝丝的变化经过这么多年的磨合和相处 虽然在它爆发的时候 我依旧无能为力 但是我知道只要我这个复发到了最最难熬的低谷 我就会慢慢的好起来 所以尽管那个时候的我觉得每一分每一秒都是煎熬 尽管我并不知道那个低谷会在什么时候到来 我也还是会抱着那么一丝丝的希望去迎接每一个的明天值得庆幸的是 如今的我 绝大部分的发作都是小打小闹的小感冒 用不了多长的时间 我就会以肉眼可见的速度 慢慢好起来这应该是一个好的改变吧 不 这就是一个好的改变 不然 我这么多年和这个情绪病打的交道岂不是白费了很抱歉 18岁的我意志力不够坚定 以至于当初还没有做到两个月的时候就匆匆放弃年少不更事 怪我当时没有想仔细 所以在结果到来的时候手足无措得像个傻子但我又是那么的高兴 在那个时候我是真真切切温暖 帮助到了一些人所以 如今22岁的我带着初心 卷土重来了鉴于之前的经历 所以这次的我——一个可以好好说话的人 自作主张的做了一些改变首先 我必须诚实的告诉你们 未来的事情谁也说不准 所以我不能肯定地告诉你们这一次的我能做多长时间 也许是很久很久 也许是一年 一个月但是这无关时间 只要我的身份还是一个可以好好说话的人 我就会竭尽全力 尽我所能的去做好我能做的 去温暖 帮助到更多的人不求事事顺心 但求问心无愧其次 除了我的年龄和所在城市之外 我不会再透露更多的个人信息但我还是和以前一样——听你说这些话的我 绝无半分害你的心思我 真真切切是善意的你是绝对安全的 而我就在这里 所以你是有人陪伴的然后这一次的我 除了能回复跟楼和私信之外 能给你们的联系方式有限 具体有兴趣的我会在私信告诉你最后我想说虽然我这次的方式和我这个人都好像是变了那么一些些但我 还是那个我只要你需要 那我就都在我会一直在这里
11,也许你只是想要有个人好好的陪你说说话
12,可以不乖 但不要学坏
13,要配得上你所受过的那些苦
14,你一无所有便无所不能
15,我是一个无神论者可我却偏偏相信一切皆有可能但我又极其任性所以那些好的我都愿意相信而那些不好的我通通不听如果你非要让我听信那一通不好的消息那我告诉你虽然我做不到逆天改命可我偏执得可怕别人是不撞南墙不回头我是撞破了南墙继续走所以如若你执意如此那我送你一句话我信命但绝不认命
16,你未经其事所以你就理解不了其中的情意
17,说实话 其实最开始我挺排斥短视频这个东西的没什么特别的或者具体的原因 就只是单纯的不喜欢我这个人吧 特别懒 懒得去尝试新鲜事物 也懒得去改变可是没过多久 我就没逃过真香定律我开始在失眠的时候 睡醒的时候 无聊的时候 空闲的时候 反正就是有事没事我就开始看短视频我自己有养小动物 所以短视频里面就经常出现别人养小动物的那些视频然后 我关注的那些人也绝大部分都是养小动物的人那个id叫做可乐不是哈士奇我特别有印象女主人咋咋呼呼的性格和我很像 她家那只狗子皮得又是那么的可爱 让人觉得好好笑可是 就在刚刚 我看到了她和她男朋友发的一个新的视频可乐走了女主人和男主人唱着可乐视频的配音曲 没唱两句就都哭了我不敢想象 我家小动物走了之后我会怎么样可乐 汪星没有病痛去快乐的奔跑吧
18,你离开我以后我看谁都像你然后心里一紧但也仅仅如此而已
19,你离开我以后我看谁都像你然后心里一紧但也仅仅如此而已
20,祝你前途光明如锦绣 祝我大步朝前不回头
21,祝你前途光明如锦绣 祝我大步朝前不回头
22,快乐的人千篇一律 痛苦的人各有各的痛苦
23,可能这段时间看一些现实类的漫画看多了 我觉得我开始变得灰暗了 我记得特别清楚的一篇是类似于有几栋房产但是家里人或者亲戚什么的生病了 就立马跑去网上求好心人支持 帮助最后满脸笑容地在那里说谢谢那些没有房产还没有什么存款的人帮忙解决了大问题什么的 而且那句谢谢也有些口是心非 我感觉这句话就类似于我们不是骗子呀 我们说的也是实话 只是可能没有那么严重 或者说我们是还有办法解决 但是别人就是好心啊就是**啊所以才愿意帮忙什么的 我 一天天 从之前看到别人乞讨会给钱 到之后只给吃的 到最后因为偶然间亲眼目睹自己的好心被扔进了垃圾桶后开始选择闭眼 快速走过 也一天天变得 对网上那些说什么求支援求转发求帮忙 开始变得漠视 也许我是错了 我不辩解我的冷漠行为 很抱歉 对于这个世界我开始变得冷漠了 我 不善良了
24,世界没你想象的那么好但也没你想象的那么坏你过来 来我身边月亮不抱你 时光摧残你可我爱你
25,我不够圆滑 见识也很少 带着浓烈的稚气又不懂弯恭屈膝至少 我觉得我很真实
26,昨天下班回家的时候 遇到了一个送外卖的叔叔他正在发愁怎么进我们小区的门禁就在他准备给顾客打电话的时候 我说了一句 我有钥匙我不知道是我的这个举动打开了他的话匣子 还是说叔叔本身就是一个性格外向且健谈的人我撒了谎说我刚大学毕业正在实习 并不是说我刻意编了一个谎话去欺骗这个叔叔只是因为在我回答了我22岁 在上班这两个问题之后 叔叔就自动给了自己一个答案——姑娘大学刚毕业 正在实习而我因为有些累就没有去进行解释就在我以为这个话题告一段落的时候 叔叔突然说了句——还是你们大城市好，像我们农村人，就算孩子读完了大学也没啥用，毕了业都是特别难找到工作的。话音刚落 叔叔要去的路层已经到了 我张了张嘴 却什么话都没有说出口可这句话始终在我的脑海里挥之不去我承认 在现实社会中的确会有一些农村里的孩子比不上诚实里的孩子但我认为那是极少数的而且我认为那也只是农村孩子刚进城时候的现象 当他们融入了新的环境 也许他们会比城市里的孩子更加出色至于工作 我想或许有些人的家里有一些关系可以尽快的给孩子找到工作 但绝大部分人的家庭都没有那种权势和关系 他们也都只是普通人而已 也许他们的孩子能力出色再加上幸运 面试个三两家公司就可以上班了 但是更多的人还是会在不同的公司碰壁 在不同的工作上努力无关城市 农村有梦想的人 都了不起而一直在为自己的梦想努力的人 更是值得让人敬佩的
27,你为什么不快乐 因为上学因为爱情还是因为朋友 相信我 不快乐是暂时的 上学是为了以后 爱情终究会有 坏朋友留不住好朋友赶不走 只要你活着 只要你想快乐 没什么过不去的 真的
28,昨天看到了一条有关Leo的视频特别感动 当时我都差点哭了看完之后 我又有了一些想法诚然Leo是不幸的 它流浪了4年 等了4年但它又是幸运的相比于忠犬八公来说 至少它等到了它的主人但是忠犬八公等的是家 Leo等的却是一场告别因为后来的Leo遇到了一个懂它 爱它的新主人 它的幸运还不仅如此因为它的原主人从来都没有放弃过它 在他们的心里 Leo是一个特别重要的 如同家人一般的存在 在发现Leo不在的时时候他们找了很久 也一直特别伤心 可是尽管如此 他们却它做出了决定之后选择尊重它以及每年都会专门去看望它但是像Leo这样幸运的狗狗有多少呢 应该可以说是极少数吧那些只想养只狗来看家护院却不给它做绝育 任由它生 然后生下来之后小狗都还没睁眼 没断奶 或者刚断奶没多久就把它扔了的有多少呢那些只图一时新鲜 觉得可爱好玩 然后没多久就嫌麻烦然后就把狗子给扔了 任由其自生自灭的有多少呢那些被狗贩子卖给专门做狗肉的 然后就被剥皮杀掉 做成菜肴的有多少呢那些流浪多年 最后饿死 病死 冻死的有多少呢《神犬小七》里面有首歌的几句歌词说得好——人类啊 爱我吧 我是你最忠诚的朋友啊人类啊 爱我吧 地球也是我的家最后 希望动物保护法早日成立因为只有这样 才能从根本上解决问题
29,我也曾爱过人我曾为我的爱彻夜不归喝很多的酒在夜里一个人哭得鼻涕眼泪把被子和枕头都打湿又怕爸妈听见所以不让自己哭出声我曾卑微到差点没了自尊去求他跟我和好我也曾因为担心他而把所有我能联系到跟他有关系的朋友都联系了一遍我曾感动了那些朋友他们全部劝他和我和好但是时间过去了我所觉得难忘的真的就这么淡了然后忘了
30,在未来会有一个人的出现让你觉得之前的所有苦难都是磨炼那个人终会来到你的身边你要信你要等
31,如果快乐很难 那么祝你平安
32,前面的路还很远 你可能会哭 但是一定要走下去 一定不能停
33,小娟我想你可能拉黑了我 我也不知道我现在说的这些话你能不能看到 但我的直觉告诉我你是能看到的 小娟啊我不是嘲笑你也不是看不起你 我只是想你勇敢一点想你乐观一点 就像我贴吧上说的那句话一样 快乐的人千篇一律 痛苦的人各有各的痛苦 我知道你现在很不好也很委屈痛苦 可是日子是要过下去的 我们改变不了别人也改变不了世界 我们能改变的只有自己 既然活下来了 那就要好好活着 那些痛苦难受是一时的 未来的日子还很长 雨总会停太阳总会出来 加油小娟 我一直都在
34,大家好啊 我是张荆棘然后呢这一次我的回归有些强势 哈哈哈我想在此解释一下 我呢想要做的是一个可以好好说话的人 我想尽我最大的努力和能力去温暖到一些人 所以我会在很多贴里都发同样的帖子 原因很简单 我想让更多的人知道我的存在 因为只有这样我才可能去做到我想要做的事情（我真的不是一个机器人）再然后问题就出来了 这就导致我这一个号不够用了 所以我的小号——爱的名字小号就强势的出现了 嘻嘻本来我是打算用我这个大号一直弄 然后等大号被限制说话了我再用小号 可是我又担心如果这样的话 我不能及时回复一些人的话 所以我就决定 大号呢 主要用来回复 和发一些些的贴 小号呢就专门用来发发发所以这就有点对不起那些喜欢只看楼主的人了 只能麻烦你们耐心的看了 感恩的心 感谢有你最后呢 希望大家今天都能有个好心情 加油唷
35,咬到舌头才知道吃东西不能太着急 爱过错的人才知道不是执着就能在一起 所有的经历都是必然 不摔跤永远不知道哪里的路最平坦
36,别人说的话随便听一听自己做决定
37,喜怒哀乐四个字 开始和结局都是好的 你瞧 喜乐已经占了一半 过程再艰辛 也可以熬过去的对不对
38,来吧，想说什么就私聊我吧
39,no_content
40,no_content
41,no_content
42,大家好，关注家暴贴吧很久了，说说我自己的故事吧，我今年28，患病类风湿，是残疾人，因为家里不富裕，和患病初期对这个病，不了解，落下很严重的残疾，爸妈感情不和经常吵架，基本是我妈拍我身体不好，没有完整家不安全，才没有离婚，觉得我爸有人格障碍，对待外人都很有礼貌开朗，在自己家胡搅蛮缠，不讲道理，是他自己不讲理闹离婚，然后因为我妈娘家人，姥姥家一些亲戚，也都觉得他对我妈不好离就离没有理他，就非常记恨我妈娘家亲戚，一吵架各种辱骂，他自己高血压住院期间，我的三姨，帮我看家，喂养家里小动物，带到人家生病住院了，我妈妈去帮三姨喂猪，他大概是拍三姨生病借钱，不知道是什么意思，大打出手，说死了也不管他的事情，自己家养殖一种品种鹅赚钱，妈妈很辛苦的，就是在外面鹅厂子，买点公种鹅，也要吵架，骂我狗屁不是，瞎做主把有病的鹅买回来照病回家，其实早就与他商量去其他厂子挑去，也不知道是怕花钱，还是懒答应了又不去，我和妈妈用客车捎带回家，叔叔帮忙拿回来的，他又骂我和我妈，说我们两个在外人面前演戏装可怜，各种不讲理，妈妈希望我可以结婚嫁出去离开这个家，说是我有了归宿她就都解脱了，可是我的残疾也很严重，觉得自己身体不好，活着太难了，对婚姻也很没有信心，不知道该怎么办，今年过年我妈妈去姥姥家呆了两天，二姨在外地上班，一年也就放着几天假，在姥姥家一起聊聊天，我奶奶和弟弟家的小女孩，在我家过年，他又因为我妈去姥姥家，大声咒骂，和妈妈打架把小孙女吓得哇哇哭，奶奶和小女孩都走了，我只是觉得心累，心疼我妈，觉得他向恶狗一样，，
43,类风湿用艾灸治疗吧。。我自己网上买的。一个夏天后背点了18根艾灸，疼的穴位都灸到了，一天不干别的就艾灸了。那两年真是辛苦。我是发病初期。所以好的快，除了手腕现在有点肿，手背指跟有些肿，其他都还好。。
44,http://www.yidianzixun.com/article/0KqYjQny希望对你有帮助。
45,苦命儿
46,坚强点，困难只是暂时的，我媳妇去年得了结核又被查出甲状腺癌，手术切除甲状腺还有后续的治疗，现在都负债十万了
47,生活在难都还要活下去
48,我也是身体不好很难，很多问题家庭的核心都是家里又穷又有个****的爹。然而命运并不眷顾我们，哪怕中个彩票二等奖。都能扭转乾坤。
49,no_content
50,no_content
51,no_content
52,家底180//200w
53,no_content
54,no_content
55,no_content
56,在这里我讲下我的故事：从小，我就是一个乖乖孩，当然，也是一个独生子。大学的时候有过一段初恋，但是因为第一次谈恋爱，自己不懂的控制脾气，毕业后不久就因为感情不和而分了(现在想想，那时候怎么就没多让让？)后来在一家小公司，认识了我现在的老婆。那时候看她挺文静的，就主动追求了她，没多久就同居了(一开始没发现她性格多不好，只是觉得她有点死脑筋，现在回过头来想想，那就是偏执性人格)。我本来就是抱着结婚的目的去谈恋爱的，所以很快就开始了谈婚论嫁。
57,很快的，我们就订了婚(2016.10.4领证)，我妈妈说可以考虑要小孩了，让我们不要特意去避孕，我也问她准备好了么？要不要生个小宝宝？她说：准备好了。于是就顺理成章的怀了孕。这时候，第一个坎坷就准备来了。
58,怀孕后，家里人考虑到在厦门生孩子坐月子不方便，要求回到家里生娃(家在三明，县级市，打算在市立医院生)哪知道她就是不肯，非得在厦门市妇幼生。当初因为这事吵过好几次，后来折中的方案是，在市妇幼生，然后回老家坐月子。这事情到这里也就告一段落了
59,当初买房也是考虑到孩子上学问题，现在那套房子是学区房，旁边就是学校，很方便，只是我上班会麻烦点。
60,怀孕的那段时间，我们一直都在厦门，有时候我母亲会带些鸡蛋啊鸡的什么来看我们，在预产期最后2个月再专门下来照顾(父亲开店铺一个人忙不过来，我老婆一直不肯回老家待产，说实话，老家吃的东西都比厦门好，都是些土鸡土鸭土鸽什么的，还能买到野猪肉，而且老家人多更好照顾)于是基本上10个月的时间都是在厦门。
61,我老婆当时没有工作，所以一直都在家里呆着
62,时间过得很快，一下子就到了要生的时候，那天中午起的反应，晚上11点就出生了，可爱的男孩子，我的宝贝从有反应到出生也就8个小时左右，算是挺快的了。说到这里，我不得不吐槽下厦门市妇幼的乱收费问题，当时我老婆产前想要我陪护，于是护士就让我进去了，但是要收200元，当时不懂，就交了这个钱。后来问了同样在市妇幼生孩子的朋友(比我晚15天出生)她老公产前陪护没有收钱。
63,照顾刚出生的宝宝是很辛苦的。出生后的那三天，晚上我基本都没有休息，白天利用我爸过来换班的时候休息了几个小时(我妈在孩子出生的第一天胃病发作，痛的不会动的那种)我忙了一个晚上，第二天早上7点多又出去帮我母亲买胃药，直到下午我爸爸从老家赶来我才休息了下(我母亲胃痛后发现撑不住，就马上打电话让我父亲下来帮忙)第一天母亲吃了胃药后不见好，第二天又去医生那里挂了点滴开了药吃，第三天才算好点。所以在住院的那三天，我母亲都没有帮上忙，这点她一直都很自责。那三天基本都是我在照顾老婆和宝宝，宝宝第一天早上还发现胃里有血(早上发现宝宝在吐黑黑的东西，好紧张+害怕，马上叫了护士来看，护士给宝宝做了洗胃(黑色的东西是宝宝出生的时候吞下去的血，不会消化，得弄出来)，后来就没啥事了，顺利的回到了老家
64,到老家后，岳父岳母也来看望我老婆和宝宝，但是岳母只来了一天，第二天就觉得太辛苦回家了。不是我要说岳母不好，但毕竟是自己女儿坐月子，哪有只照顾一天就嫌累不照顾的？当然，这些话也就我母亲和我聊天的时候抱怨两句而已。
65,月子做完后，我老婆就马上带着孩子回厦门了(一天都不肯在老家多呆)，说实话，我是做it行业的，加班比较多，每天都是到晚上8点多回家
66,在厦门带娃的时间从17年8月一直到19年元旦搬进新家为止，期间发生了挺多事情，容我一一道来
67,家暴就是从那时候开始：第一件事是，某个晚上出去遛娃回来，我忘了是什么事情了，反正是很小的一件事，在大街上我老婆揪我耳朵说要离婚云云，很大声的吵，还抢孩子，当时孩子在我手上抱着，她突然就抢过去了，丝毫没有顾及孩子会不会受伤。
68,可怜啊
69,你老婆可真够狠
70,第二天，宝宝就发烧了，她的意识里一直认为是前一天洗澡水太凉了才导致的宝宝发烧。怪我母亲放的水太冷了，问题是前一天给宝宝洗澡时她也在场，要是水太冷当时会感觉不出来么？
71,这也导致她后来的好几次发火的时候一直把这件事挂在嘴上(明明是她在发脾气吓了宝宝，还让宝宝吹风吹了半小时)真的是可怜了孩子
72,哦对了，这次打我还掐我脖子
73,离婚了不舍得孩子
74,告她去，(洗洗睡吧，不聊了)
75,还一直说我母亲坏话，不停的说我母亲哪里哪里不好(其实说的都是某须有的事情)我母亲也是50岁的人了，一辈子没有被人说过哪里不好，以前她当儿媳的时候，我奶奶没有说她哪里不好过，都是夸奖她的。我奶奶和我母亲的关系相处的确实好。我母亲这人，遇上我和我父亲做的不好的，她会埋怨几句(碎碎念)，但也就那样了，我前20年听的多了，很多时候都是左耳进右耳出。 突然被媳妇说这不好那不好，还被说成和我奶奶是什么面和心不合(说实话，我母亲和我奶奶相处怎样我还会不了解么)我母亲也是一肚子委屈啊……
76,女的德行太差
77,我们家里人都很直，有事说事，也很讲道理，谁有理听谁的。家人一直都奉行 家和万事兴 的道理，我老家(其实就是爸妈的房子)客厅墙上还挂着这几个字呢！
78,这件事情我们解释了很久，加之岳父有帮忙开导，才慢慢的就过去了
79,接下来就搬到新公司附近的房子里了，这里发生了一件大事
80,在我妈妈照顾孩子的这几天，我老婆在网上应聘了几家公司，打算去面试下。面试了n家公司以后，我老婆一共去试了三家公司(其中一家是培训学校，假期少，周末要上班的那种。还有两家都是去做人事)，都是只去了一天就回来了，说不适合(有一家是老板说她不合适，除了做培训的，另外一家也是六天班)，当时想，不合适就不合适吧，再找就是了，都容着她，她一直想找五天班的工作(我是上五天班的，尽管是做it，但是是大公司，制度上相对完善)。
81,然后吵着要离婚(虽然她吵着要离婚，但是她根本不肯离)要卖房子，说孩子要归她什么的
82,第二天早上，7点多我起床了，原本是要去上班，结果我老婆拦着我不让我去，说要去民政局办离婚(其实挺可笑的，没有签离婚协议，民政局不会给离的)，我妈一直想让我去上班，毕竟请假扣钱是很多的，当时已经开始交房贷，一个月7000多，扣除房贷我只剩3000左右，再扣掉房租，也就1000多生活费，所以请假请不起啊，请个一天就是600块钱，请个两天我就得喝西北风了
83,说到我老婆拦着不让我去，我没办法，就要打电话给岳父让他来解决，结果我刚拨通，说两句话，她就冲过来抢过我的手机，狠狠摔到地上！(心疼我手机2秒，小米5s，和我老婆算是情侣手机了，当初买的同款，手机的事情还有一些小故事，后面有机会的话我也一一讲来)她说：不要什么事情都打小报告！(之前每次她发火我都会和岳父说下，想让他给我老婆经常做下思想工作来着！看来起到反效果了)然后开始骂我母亲，还打了我母亲肩膀几下，当时我看到就急眼了(母亲被欺负肯定得急眼)冲上去把她拉开，结果她反过来甩了几个耳光给我，我气急了想让她冷静下，于是做了一件让我自己后悔的事情：给了她一耳光！当时她牙齿被我打出血了(说实话，她牙龈一直都不好，吃点硬的东西都会出血，苹果梨子什么的)，然后我打的位置比较靠近耳朵，她耳朵内耳道有点红肿(这是后来去看拍片时医生说的，其实没什么事情)然后她就发疯了，拿杯子朝我母亲身上泼水，然后去拿了菜刀，我看见她拿了刀赶紧躲到房间里，我母亲在另一个房间，我老婆就把刀很用力的插在了门上。
84,好暴力
85,然后就开始一直说我和我母亲的坏话。当时我母亲都被她气哭了，那真的是污蔑人啊！我母亲从没受过那样的气。(我母亲也是属于那种，心里有委屈自己担着的那种，从来不会要打人什么的，都是自己找个地方悄悄的哭)我当时看了真的很难过，娶个老婆回来气自己妈妈么？
86,no_content
87,no_content
88,no_content
89,"这就是我我妈妈在我小学的时候去世，妈妈很爱我，妈妈没死前就和他关系不好，当时妈妈留给我的东西我一分钱没拿到，到现在也什么都没有。全部被""我爸""拿去了。记得还小的时候，大概是好几年前问过一次，我妈妈的东西怎么不给我？他说，他给我吃给我喝给我穿(一年一套衣服一双鞋子，我初中高中的鞋子都是穿臭的，每次没鞋子穿想让他买一双，太难求了，最后也还是买12块钱一双的假耐克) 本来我一个人的一间房间，硬是被多塞进了一铺床，房间只剩一条走路都要小心翼翼的狭窄过道。当时初中上课压力比较大，因为有人和我同一个人房间住，所以他老是催我早点睡，旁边那个人每次都会打呼噜，很响，我根本无法睡着"
90,我完全就是被这个家庭毁掉的人
91,后妈是某个中学的语文老师，披着教师的外套，做着恶毒的坏事
92,老是给我甩脸色，对外宣称对我多好，把我袜子剪烂，把我考试材料藏起来导致我没考上一中，把我刚煮好的饭菜倒掉
93,她嘛，就是个**
94,"快上大学的时候，全家人特地召集了一个会议，后妈舔着脸高高兴兴地笑着说，大学给个300块钱一个月足够。(我2014年上大学)，说他给我钱读大学是他傻，后妈动手打我打得非常狠，专门打我眼睛，我出于自卫，防着自己碰到她，她就很嚣张地叫她儿子叫""我爸"""
95,刚来我家的时候也是非常心机，我爸一不在家，她就把她前夫(她前夫姓胡，据说之前某校校长，因为傍上富婆抛弃她的哈哈)的儿子带来我妈妈和那个男的买的房子里，把我赶出去
96,大学毕业以后我每一顿饭都是自己煮的，每一粒米每一颗菜每一滴水都是自己掏钱买的，就连这里的冰箱洗衣机都是我买的，相比那些吃家里用家里的甚至家里帮着买车买房的人来说******，都是我拼尽全力的后果。那个男的就想我把我的钱全部给他我要是给了，我现在怎么活之前***还有拿钱给他，给他饭钱，请他吃很贵的东西，结果上次他怎么说的？就几十块钱就几百块钱你以为很多啊？还****，踢我房间门，让我去死，这就是生我的那个男的。他现在就等着把我卖出去，本来大学他就不想给我花钱读的，他觉得我可以卖个好价钱
97,你们看，这就是我长大的环境，我希望以后在我圈子里的每一个朋友都可以知道
98,没错，我背后空无一人。
99,"我多用他家一度电，那个男的就会说"" piao 他妈 只"""
100,这个明星的脸和生我的那个男的表情一模一样
101,大学的时候大家都有笔记本电脑，我没有。后来终于有了一个，还是插网线的，现在我有一点能力可以自己买，他马上就把那个笔记本拿回去了哈哈
102,200块的假牙，我看了这个表情多少次，我仿佛吃了屎。
103,200块钱的假牙，非得等到我的牙齿全部腐烂，他也不是担心我，而是担心我当不了空姐不能提前拿钱给他而带我去装的假牙
104,那个过程就像吃屎，以前要他的钱的时候比死还难受
105,我在他眼里就是摇钱树
106,疫情快点结束吧。
107,你有能力了，果断离开这个家，开始属于自己的新生活，眼睛擦亮，找个好男人，忘记过去，开启新生活。
108,好孩子，好好努力！加油，没妈的孩子不能让别人看不起！过好自己的每一天，您母亲一直在您身边，看到您的成功和努力，她才放心。
109,你赶紧毕业 离开这个集
110,美女我做你背后的男人，我挺你
111,有能力赶紧厉害这个家
112,好孩子，最难的日子已经过去了，以后会越来越好，努力加油！找个疼自己的老公吧，擦亮眼睛，男怕入错行，女怕嫁错郎，找个好老公过好以后的日子！
113,看枯了，楼主坚强，毕业后就苦尽甘来了
114,不要把希望寄托在别人身上，想借男人过好日子都是有风险的，自己有能力就果断离开，自己努力过自己想过的生活。
115,毕业后赶紧离家远处找工作吧
116,我如果还能像你一样有从新开始人生的机会就好了
117,离开，靠自己，活成自己快乐的样子
118,离开他越远越好
119,no_content
120,no_content
121,no_content
122,我表达错了，应该是互殴算家暴吗？男朋友打我我也打他，我们家互相打
123,你们属于家庭斗殴。家暴是单方面欺压
124,单方面挨打才是家暴哦
125,你这个是法律问题，你去问律师他们比较专业
126,我也是互殴，不可能别人打我，我不动手吧。不可能让他打吧
127,你好！关于家庭暴力的认定标准，依据《中华人民共和国反家庭暴力法》第二条　本法所称家庭暴力，是指家庭成员之间以殴打、捆绑、残害、限制人身自由以及经常性谩骂、恐吓等方式实施的身体、精神等侵害行为。
128,家庭暴力的构成，必须满足：发生在家庭成员间、具有一定的次数或频率、造成一定的损害结果这三个要素。
129,司法实践中，有哪几种情形将被或不被认定为家庭暴力？1、身体侵害达到持续性和经常性构成家庭暴力。2、一次性身体侵害但达到一定的伤害后果构成家庭暴力。3、争吵过程中的、偶发性侵害不构成家庭暴力。4、互殴不构成家庭暴力。5、精神损害无证据证实不构成家庭暴力。
130,因此在离婚纠纷、离婚后损害责任纠纷等案件中，对于家庭暴力的认定，一般都会从严把握，避免诉讼当事人滥用诉权，扰乱司法秩序。
131,楼主，您好！很抱歉这样冒昧的打扰您，我是一名四川大学的本科生，目前在做关于家庭暴力相关的研究，因此想要和您聊一聊，如果看到消息，望回复，谢谢！
132,依照吧主的说法那得再挨打的时候或者根本成废人了精神出问题了那才有理有据呗
133,1.家暴要记得保留证据，包括打斗现场、伤痕图片等拍照（最好有时间水印），以及施暴者承认家暴的录音、保证书灯。2.可以及时报警，情节轻微，警察会给你爸出具告诫书。如果再有二次家暴，是可以行政拘留的。3.如果情节严重，比如轻微伤、轻伤，可以直接行政拘留，甚至可能构成故意伤害罪、虐待罪。
134,算
135,算
136,我也想知道这个问题
137,能互殴真是太好了，比单纯的被虐待好太多了，加油，注意自身安全
138,no_content
139,no_content
140,no_content
141,老公经常性言语辱骂，精神侮辱，算不算家暴
142,我老公脾气暴躁，有时候一点微不足道的小事，他能吵的我喘不过来气。具体到11月1日，当天晚上11点左右，他喝醉回家，我很气愤他经常喝醉酒，就没有主动给他开门，其实他自己有钥匙。进屋后，因为他不洗澡，我让他睡书房。他就开始生气，开始吵我，说男人在外喝酒，回家为啥我不伺候他，为啥给他脸色看。一开始我不理他，他就开始变得暴躁，疯狂摔当时我在的卧室门，门现在已经坏了，大声辱骂，训斥我，从11点辱骂到12点左右，期间频繁给我父母打打电话，逼着我在电话里给他道歉，让左右父母听着他骂我，我当时也拨通了他父母的电话。12点左右，我实在受不了他的辱骂，冲动之下割腕三刀，他抢过刀片沟，依然不为所动，继续谩骂，持续了近2个小时，直到凌晨2点才让我去医院缝针。虽然他跟我一起去的医院，但全程黑脸，我在医院打消炎针的时候，他还骂骂咧咧的。 以前就经常这样吵架，我现在特别害怕他吵我，骂我，言语侮辱我，言语刺激我父母，他说不介意我爸再开一次瓢，这是他原话（我父亲今天5月份做了一次开颅手术）。我精神压力好大，白天上班还行，但是一到下班点，如果不是有小孩在家，我真的不想回去面对他。他妈妈第二天来我们家里，劝诫我们要好好过日子，吵架楼上楼下都知道了，影响不好（我们现在住的是还建房，邻居都是他父母一个单位的老职工），说改变不了别人改变自己，拐弯抹角的叫我要多做家务，女人就是要多做，要忍耐。她妈妈只是提了两句，我老公脾气不好，要改一改，大部分都是在说我做的不好，不够贤妻良母。我解释一下，我为什么气愤他喝醉酒这个事情。老公平时经常跟他的朋友出去喝酒，平时我也不大管他。就在10月26日，他朋友生日，中午喝到大概2点左右，他还要继续陪他朋友，当时有一点儿喝醉的迹象，但不跟醉，我带着孩子只好叫了代驾先开车回家。结果回家路上，出了小交通事故，孩子当天又在回去的路上发烧，我给他打电话，他一会儿说来，一会儿又远程指挥我叫我找肇事者赔钱。可怜我带着一个发烧的5岁孩子，又正好在闹市区，交警赶过来大声质问我们看不到禁停标志吗，肇事司机又不肯按老公说的金额赔，老公一个接一个没用的电话打给我，我焦急，无助……当天下午6点多他喝的烂醉回家。他自己的解释是，当时他朋友都拦着他，说他喝醉了，解决不了问题，不让他去现场。好，这个解释就算勉强说的过去，我解决完车祸，到家3点左右，告诉她处理情况，女儿发烧了，他仍然没有回家。毫无责任心。
143,后面去医院换药，发消炎针都是我一个人，他不闻不问。
144,我父母还是有点老观念，在家庭矛盾的事上会怪我。所以，如果我离婚，他们不会是我的后盾。也担心我要不到孩子的抚养权。
145,暂时还没有走到离婚，可是度日如年的生活，我快熬不住了。我怕得抑郁症，我怕孩子不跟着我，我怕孩子如果判给爸爸，就算孩子爸不想再婚，他父母也一定会让他再娶一个，再生一个小孩，他爸爸一直想让我们生个男孩。
146,我该怎么办？有时候甚至想，不如让他打我一顿，这样如果离婚，在争夺抚养权时我更有利。
147,楼主多大
148,当然算了，家暴不只是身体上的伤害也包括精神上人格上的凌辱
149,看着都心累，703750553，姐妹互助群，进来聊下。
150,离婚要趁早，不要和有暴力倾向的人在一起。我也有暴力倾向，我在见识到自己的可怕以后，完全不敢谈恋爱了
151,是家暴
152,离婚啊
153,我也觉得一个男人天天辱骂自己的妻子他到底是啥心态？我家那位经常让我去死！
154,冷暴力
155,离吧，过得是真累呀。我怎么发现这种男人挺多的，我也遇到了。快被逼疯了
156,算
157,过得生不如死痛苦的婚姻，长期暴力都快受不住了，我想带着孩子离开。
158,这种男人还留着干啥，别拿孩子做借口，你懦弱就被他欺负，赶紧离婚。
159,找个律师教你如何取证
160,算
161,都算
162,这种渣男还和他过什么呢？
163,你都割手腕他都不心疼，还和你吵 ***有病，赶紧找个律师跟他离婚，要到娃的抚养权。
164,偷偷录音，上传网盘作为证据
165,no_content
166,no_content
167,no_content
168,只有让自己强大起来 才能无惧任何风雨！
169,有记忆的时候父母还未离婚，但是幸福温暖 其乐融融 什么的我一点也不知道 在我的记忆里 只有暴力 打骂！我每每听见我妈的哭喊声 我都会恐惧 绝望和无助！我懦弱！只能躲在被子里哭泣！直到慢慢睡着。我妈从不在我面前流泪和抱怨就跟没有发生过一样，我印象里的父亲并不慈眉善目，面相很凶。我暗暗发誓 我长大一定要嫁给一个不打人不骂人的人！
170,具体记不清了 ，有天父母吵架！不明什么原因我爸拿着打气筒打我妈！打气筒是纯铁的！可想有多痛！我躲在被窝里一直在抖！我妈被打的狂叫呼喊我的名字！我当时还在上小学！我知道我在不劝我妈要被打死了！我颤颤巍巍的跑去 真的 我想死的心都有了！我一把扑到我妈身上，一个女孩子才几岁能做什么！我只能苦苦哀求他不要打了！我几乎是在哀嚎 这时我妈推开我跑去了阳台！我当时真的吓傻了！冲过去抱住我妈大腿 求她 声嘶力竭 这时我爸跑来一把揪住她头发拉了下来一顿暴打 ！ 说真的 我真觉得心脏裂了 气也上不来 ！我忘记了那一晚我怎么过来的 我妈怎么过来的！我恨他！
171,从小父母在一起吃饭 我并没有记忆！我只记得白天我和父亲去爷爷家吃饭，母亲一个人在家吃，我爷爷是一个知识分子，脑袋聪明，爱干净 传统 讲究人。我奶奶是一个有眼色会来事的女人但是他没读过书，认识的字就几个。
172,"从小在爷爷奶奶家，我并不喜欢，为什么呢？因为不自在 规矩太多 也太压抑。比如吃饭要等长辈先动筷子，吃零食看电视等等都要得到允许才可以进行，我要端菜洗碗 要看我小姑的脸色。我从小便是个内向不爱说话的小孩，就这一点叫我自卑到了尘埃，家里的大人拿我这一点对我冷嘲热讽，我不爱说话，个子高！我四肢发达，头脑简单！我恨我为什么个子高被家里说！座位最后一排，站队最后一个，班里女生我最高，我慢慢开始驼背我想这样我可以矮一点，然而驼背又成了我天天挨骂的一件事！我小姑骂我一个女孩子 一天心事重重闷闷不乐的 还驼背！每次发现我驼背就给我背上一掌，我现在回想起来，我身体开始发育时没有人开导我,我什么也不知道，我怕告诉人，我自卑胆怯懦弱……"
173,我母亲其实也是一个不会表达，脑袋比较木讷想法单纯的人，也许我遗传了吧！小时候她自己在家吃饭我还觉得挺好的！总之一家三口的幸福时刻我没有记忆，我记得的只有打，骂，我父亲凶狠的脸，我妈脸上的伤，还有我可怜无助的心 母亲为什么不去爷奶家吃饭我忘了，我只记得有一次我大姑小姑爷奶我姐，应该是过节都在，我和姐姐在卧室玩的正开心，不知道什么原因我妈说了什么，我爸拿起一个木头小板凳朝着我妈头上一下，我之所以知道是因为我听见声音跑出去看见了，全家人安静了 我也愣了，一个木头板凳打散了 我看见我姑在笑 我爸一脸暴怒 我爷爷奶奶无动于衷！我站在那里我不知道怎么办 我害怕 我挪不动步子 我害怕的发抖 我想问我妈疼不疼但是我不敢 我就愣着 ，我妈每次去都是最忙的那个人 要打扫 要做饭 最忙的就她 她任劳任怨 但每次去都不欢而散 ！我妈后面说 因为我爷爷奶奶嫌我姥姥家穷瞧不起，所以欺负人。我就想了！这么善良愿意照顾全家人 什么都会做的老婆 你当他老公为什么不护着她反而要伤害她！当着那么多人的面打老婆很长面儿吗！不是丢人 不是**吗？！
174,我也有家暴的父亲感同身受
175,我父亲嗜酒如命，酒品差的不行。次次都是大醉一场，然后躺床上需要缓几天才能缓过来严重的时候还要去医院输液，不吃不喝几天然后又是暴饮暴食！但是他不喝酒清醒时还是不错的，他喜欢做饭 家里的东西坏了也会维修 会木活。我放学都会去我爷爷奶奶家吃饭，每天下班晚上他回来接我然后带我去厂门口的小卖铺买零食 我随便挑选那种。买好就会带着我回家，偶尔还会做夜宵给我吃。那时候电脑还是大屁股的显示器也很贵，本来是买回来给我学习的没想到最后它的用途成了打游戏了。父亲对我的爱 从小对我从不缩手缩脚可以说我是富养长大。不管他如何 我成了他的女儿 他成了我的父亲 这些日子这些时光 珍贵
176,no_content
177,no_content
178,no_content
179,吵架会跪下自己扇自己脸，在一起两年，他喝多了会和人吵架，好几次差点和人打起来，我们吵架，他经常说你是要我死吗？要我下跪求你吗？有捶过墙。弄坏东西，我脾气也一般，刚在一起时有次我喝了酒醉了，我哭非往外面跑，他拉不住扇过我一巴掌，在起二年，他扇过我这次，后面就是他吵架时说话偏激，有次下跪扇自己，有次拿烟头烫自己。你们说这结婚会发展成家暴吗？能和他结婚吗
180,你好  会的 建议好好想想
181,现在打自己 以后就打你
182,你和他的缘分到了，怎么都不会分开，慢慢的试着改变他，这样也是为了他好，你也会幸福，毕竟有两年的感情，
183,百分百的家暴，或者自孽倾向，
184,有自孽倾向，情绪极端的人是很难让家庭和谐的
185,太恐怖了
186,夫妻没有不吵架的
187,no_content
188,no_content
189,no_content
190,现在都是法治社会了，还在这里成天发家暴帖子，过不下去了可以离婚，不想离婚就受着呗
191,有些人并不想离婚，只是来发泄一下而已
192,为了孩子不变单亲家庭
193,我女朋友放老虎咬我能放手吗
194,这都是前世的姻缘，不是说离就能离得，每个人都不想离婚，大家都是有感情的，多站在对方角度想想，
195,又不是只有被丈夫家暴这一种算家暴。被丈夫家暴能离婚，被父亲家暴能怎样？ 还在上学，需要学费。
196,都法制社会了为什么还会有人大人呢，是不是人类还是从狗进化没进化好。
197,受害者有罪论啊。应该把你跟老虎锁在一个笼子里。把钥匙踢得远远的。老虎咬你的时候你怎么不立刻逃呢。
198,no_content
199,no_content
200,no_content
201,被父亲家暴，双亲冷暴力，所以得抑郁症。很难一两句解释的清楚所有状况。总之目前的状态是，因为家庭原因休学直到四月份复学，疫情的时候因为实在找不到工作，也没办法把复学后念书和糊口安排妥当，实在捱不过去了，向他要了生活费。后来因为房东跟他特别像，天天打他姐姐，我想帮那个姐姐，结果帮不了多少不说，自己抑郁症又发作了，整日整日神思不属，连期末也没好好准备，估计等待我的只有退学。这样我自觉学习不好不该向他继续要生活费了。当房东问我必须当天结清房租的时候，我交不上房租，他辱骂威胁我，我上了38楼。冷静之后我清楚认识到，我给他命，他也要不起，我跟他谈，不要这样，先给我一个有落脚的环境，我去如何如何赚钱还他。他不同意，骂着骂着就想动手打我，我警告他他要是动手我就报警验伤云云。他直接把我手机夺过去，争夺之间掰折几乎20度，并且在房间里锁了门擒拿控制住我，不让我出去，我大喊救命，其他房客听见后，开始和稀泥。我最后乘机找其他楼层的男的房客报了警，接警后警察习惯性息事宁人，我坚持他应该赔我手机，最后算作他赔偿1600的房费，我不用交房租直接走。因为心理疾病的原因，通知了我家人让他们带我走，关注并安置我。过程中因为我的家人想走，我爸当着警察承诺一会给我买个新手机，让我同意和解。我舅几乎按着我的手按的手印，他女儿第二天要英语口语中考。我被舅舅带到家里后，呆了5分钟，背上开始流冷汗，整个人紧张到无法正常思考言语，以前拆锁破门而入，把我拖狗一样拖到客厅殴打的场景，我报警后警察拽住我逼迫我直面他们，逼迫我陈述和我爸对质的场景，如此种种。我开始找笔试图写点东西冷静一点，写下来的全是歇斯底里的内容和自杀描述种种，冷汗把我的背后全打透了，我无法忍受冲出家门，小心敏捷的带上锁，到最近的24小时快餐店过夜。整夜未眠，一直处在恐惧和自杀的期待和少许闪过的理智，我在情绪的浪潮里挣扎，一直打电话联系那些曾经说过愿意帮助我的人，比方说我的辅导员和舅舅。得到他们最近也在忙女儿，家人三个小孩种种，也无能为力的一些答复。我向舅舅借了50块钱，捱到第二天。我舅过来处理，问我能不能住另外一处我家原来的地方。我说可以尝试，但另一件事我的手机不知道什么时候彻底报废，请务必督促这件事，无论新手机也好，修手机也好，我怕到时候联系不上工作，生活无法解决，也联系不上你们。过了两天我的手机果然坏了，这时候我爸依然在跟我舅和辅导员老师扯皮，乃至直接挑明不肯出钱修手机。我这时候已经没办法坐公交地铁，没办法付费埋单吃饭，通过公寓保安和修手机铺老板在紧急联系我舅舅。我没手机前找到的，最后一份工作是比较灰色的涩情行业的兼职客服。由于是他们主动找我沟通，还有在保持能勉强维持生活，我请求他们给我一点吃的，因为手机坏了也无法收款。所以只要给些吃的东西就好。他们甚至豪爽的想给我买个手机，但是也有在试探我是否肯肉偿人情。我拒绝了。此时我紧急联系了老师，我一直得到我爸不同意修手机的消息，觉得越来越绝望，最后打算利用作客服的便利，用皮条客的手机，来尝试找个同居人，分掉一些压力。为什么是这样？因为他说如果我想租出去这个房子，他要收走原本押二付一的，两倍押金。也就是说如果房客住一个月走了，我将立刻负债7000。我刚找到，舅舅那里说他决定自费给我买个新手机，事后还钱即可，顺丰快递收到手机后。我也找到了同居人，并且看过房子，收取押金。事情眼看将能走上正轨。此时我爸深夜来暴力捅锁，我把内锁赶紧锁上，免得他进来伤害我。他大声捶门，警告我不开门就断水电，并且关掉我的电闸，提他小时候如何找人把锁拆掉把我拖出去打，如何明天后天也没有电，加上停水把，我直接困死在房中，说明天找人过来看房，不让进就强行拆锁。昨天我本来找了临时的工作，但是深怕出门以后无处可归，在家里呆了一整天，他可能是没有找到人看房，暂时没有动作。本来同居人说马上要搬过来，我让再等等。我拨不通妇联电话，也怕出门后他乘机进来换锁。本来不必回家，但是因为抑郁症的缘故，警方必须联系血亲确保我行为可控。提前联系了警方可能会被家暴，他们也有承诺如果要砸门对我出手，就立刻出警。可是想也知道如果他要求我走我也只能离开，毕竟不是我名下的房产。我现在应该怎么办呢？去哪里寻求帮助，才能确保我的生活能有基本的安定，就算我不在这里了，以他控制狂暴力狂的特性少不了时不时像这次一样，来强奸我的生活取乐。一切才刚要上轨道。突然前途又灰暗了。这么坎坷的人生是否仍然有过下去的必要呢？
202,你这看得我好难受，好心疼你。如果是我既然已经受了这么多委屈不如再坚持坚持，多期待未来总会好的，你来到人间就是来享福的，不要就这样结束自己，不然伤害你的人就得逞了。最好有朋友谈心
203,从新开始
204,要加油💪
205,我觉得自己够惨了，看到你这里才知道自己什么都算不上，起码我的妈妈还会给我钱读书，还会带我去看病，我只是纠结于她不爱我，她欺骗我，她敷衍我，等情绪，而衍生的厌恶，主要是因为我爸爸去世，她改嫁以后那个继父很绿茶，姑姑那边一直给我灌输妈妈她们不好的话，妈妈也给我灌输姑姑那边不好的话，我很烦躁，抑郁症无法和同学好好沟通，敏感想很多事情，学校不想要我，等等等等，我觉得很复杂很复杂，但是看到你这里，我觉得自己就是在胡闹，有钱有吃有穿，不知道自己在忧郁什么？只是因为没人爱我吗？原来没人爱不可怕，可怕的是还有人要害你，如果我的爸爸活着也可能和你爸爸一样，可他先一步死了，我心里他就成了一个不可侵犯的神仙，但是我想的是，慢慢来吧，病不病的不重要，活下去才重要，如果身边都是让你不开心的事情，那你就大胆一点去另一个地方生活吧，会慢慢变好的，我也是这么想的，学校如果不要我呢，我就去打工呀，包吃包住那种，平时攒钱哦，攒够了钱呢，就去西藏呀，洗涤一下心灵哦，还想去蹦极，想去做以前都没做过的事情呀，我觉得现在养活自己不难吧，我想到的就是做服务员，虽然累，但是也会有收获的，一般都是包吃包住，累一点也是磨练自己，或者你去当兵也可以啊，离爸爸远一点，离这些不开心的事情远一点，我是个胖子，没有朋友，大家都很讨厌我哦，我也很孤独，希望你有好运，我觉得上帝磨炼我们这种人是有一定目的的，他一定是有什么重要的任务要交给我们呀，不要气馁，好好活下去，不要害怕，撑住了，如果你和我一样孤独，你可以等等我，如果我变得优秀了，去找你，我捡起破碎的你，读书重要不重要我也不知道，但是我们前提是要让自己活下去，加油吧
206,离家出走，我这边城市很多招工的，可以帮你找份工作！
207,我已抱着必死的勇气。既然公权力没有任何作用，我也下了最后通牒。如果再逼迫我，我会拿起武器，亲手维护自己的生活和尊严。于是他们沉默了。我觉得可笑。但是我早就没有笑的能力。轻松和愉悦从我生命中离开了太久，我记不起上一次开怀的感受，也不愿意去想自己被风暴摧毁的生活，是否有将来，有怎样的将来。我终于知道，也只能清楚的认识到我该怎样面对他们，正视他们，并且用我最猛烈最锐利的武器，给他们迎头痛击。伤害自己，委曲求全，是换不来理解和支持的，只有力量可以。我不是这样的人，我也做不到，我痛恨自己软弱，正如我痛恨自己抑郁，如我痛恨他们一样。我得每一天浑浑噩噩，生活在自我挣扎中，全身颤抖，只有拳头和手里的刀紧握着，我无法说服自己手刃仇人，也无法说服自己放弃自卫立刻去s。你们的宽慰我收下了，虽然我不配。希望你们能尽早收获自己的理想，祝你好运。
208,我这边房租300，大学附近，如果你生活在小城市，应该不会这么窘迫
209,公安会烦的，知道你和你爸情况以后就不会找你了。你已经成年了
210,no_content
211,no_content
212,no_content
213,从小我父母离异，我跟着我妈，我就是我妈的出气筒，她一心情不好就爆打我，狂扇我耳光子，打我脑袋，每次我的脑袋都好几天看东西模糊，耳朵听不清东西，还把我的处女膜打破，还那东西砸我眼睛，到现在一睡不好都会肿，拿菜刀把我手砍伤，拿枕头把我闷晕，骑在我身上掐我，掐我舌头都申了那么老长，还是姥姥阻止了她，不然我就死了，之后半个月我脖子上都是紫印子，吃什么东西都咽不下去，疼的不行，我小时候挨打已经是家常便饭，然后她还说：谁让你跟你爸长得像了？见你就想打你！！！  然后她打了我还不承认，跟我其他的亲人说我跟她闹，说她自己脾气特别好，从来不打人！说我老气她 。。。。我从来在她面前是连句话都不敢说的！  她在外面都装的特别好，我跟她单独在一起我都哆嗦。  她在我爸爸那里告歪状，说我要杀她！！！  弄得我爸爸不理我了，觉得是我一直在闹。。。我妈就对我说：“我就故意说是你要打我，我把我打你的事都嫁祸到你身上了，就是为了让所有人都不搭理你！有本事你也去说啊，看他们信谁的，哈哈哈！！  我爸妈从小就不喜欢女孩，我生下来曾经想把我扔到农村，再生一个，后来是我姥姥组织的，再后来他俩离婚了，我妈就天天那我当出气筒，我现在21了，他们都不理我，我现在哪里是我的家都不知道，只能外面晃荡，我现在特别想死，我该怎么办？？？？谁能帮帮我。
214,我特别质疑你妈是不是你的亲妈？孩子做错事了气了说了两句就得了，干嘛打个半死呀，还在外面毁坏女儿的名声，真不是知道你妈的心是不是蛇蝎心肠，我们这里很多人都喜欢喝希望生女儿，可以把她打扮的漂亮生活的阳光，我们家就是其中一个，可是盼女儿，女儿是生了却是唇腭裂，可我和老公，儿子疼她像掌上明珠，我们决心多少钱也得治好她。你父母太不珍惜女儿，还没体会生女儿也是一种福。你21了，你妈哪天心情好时，看看能不能好好谈心，毕竟母女不隔心。
215,ll这种绝对要反抗啊。。。你要相信，你妈总有求你的那一天，等着吧。。。。
216,LZ你妈变态了，你现在在外面没人管多自由，自己靠自己，等年纪经验见长以后，自己成家立业躲他们远远的，你父母没喊你管他们的时候千万别管，等他们真心需要赡养的时候，给点钱就行了
217,你都21了，有能力照顾自己，又没牵挂的人，一人浪迹天涯多好。自己好好活着
218,LZ我爸妈一起来打我的，不要比谁父母粗俗..我笑 被打惯就好
219,四年过去了。你  还好吗
220,这种情况很常见，我爸也是这种人，对外妥协投降忍辱求全，是单位里著名的好人，这位好人天天都在单位里亲戚朋友里诉说着我妈和我的不是，回到家各种找理由发脾气，只不过人家官场体面人，从不打人，骂人不带脏字，采用各种论证方式证明你就是个贱人，我妈也学来了这一套用在我身上，也就这样了。根据心理学，以后你结婚千万别找那种委屈求全的好人、老实人，那都是伪装，实际都是没能力没自信不自爱不自尊更不会尊重家人的垃圾。嫁人要找有自尊自信的，并非一味妥协的人
221,自己出来打工吧，赚点钱养活自己
222,来找我吧给你父爱
223,你还好吗，能正常生活吗？能找到伙伴工作吗
224,去嫁人
225,处女膜还能打破
226,我去！不是吧！
227,你现在的问题也是我曾经和现在的问题，我可以帮到你
228,你太可怜了，你母亲十足的变态！赶快离开家吧！
229,家庭暴力访谈招募  我们正在寻找满足下列条件的受访者：A. 在你被抚养的家庭中曾经被家暴过或目睹过其他家人被家暴B. 没有参加过本实验室的其他访谈研究我们正在寻找在被抚养的家庭中曾经被家暴过或目睹过其他家人被家暴有这样经历的来访者进行访谈，我们想了解存在家庭内暴力的家庭其互动模式，想了解你是如何走过那个艰难的历程，想了解你是如何与父母相处….. 以及对后来的人际关系的影响，我们期待探索家庭暴力的原因以及如何预防，希望你的参与可以给我们意见和建议。如果你有相关经历，我们诚恳地邀请你与我们分享你的故事。由于研究需要，我们的访谈需要录音。我们承诺会对你的所有信息和资料严格保密，并会在研究需要使用时隐去你所有的可识别信息。联系方式：请发邮件至 jamierianne@163.com主题标注：家庭暴力+（你的）联系方式（手机和email）+（你的）方便的时间段访谈时间：90分钟左右访谈地点：北京大学哲学楼访谈报酬：50元 北京大学心理学系易春丽老师实验室
230,二十一岁有一定力量了，不用那么怂了。平时注意身体，饮食作息规律，有精力锻炼，身体强壮一些恐惧感会降低。这玩意就是你强他就弱，你弱他就强。你怂只能被欺负
231,深有同感
232,世界这么大，成年人自己去看看！
233,可怜的女娃娃
234,"你还好吗,这么多年了"
235,9年过去了，你还好吗
236,no_content
237,no_content
238,no_content
239,今天，爹妈吵架，我妈让我爸把发电机放房子里面去一点，我爸不听，然后吃饭的功夫我妈说了不下五次，然后我爸火了，说和他不一条心，我妈说不一条心还借你三万，然后我爹说他以经借了二十多万，然后我妈就气走了。我爹还说他检查瘤，我们都想把他气死，好分他“家产！我都借了他1万八千现金，还有我妈的现在三万我爹平时动不动就骂我，吼我性格暴躁，外面老实二十万我和我妈在不影响生活情况下要打工三年的所有积攒才行但是我爹还有救吗，上班不去，明年又是要向家里要钱，不给就说又去贷款。哎，修房子，买车，去考医师证，挖塘，养虾[em]e402285[/em]都让我老娘给了钱天天我妈加班到夜10点，每月一休。他还想要怎样 怎样 怎样啊！我妈也不该老说他，没有人喜欢被人指挥这到底是怎样了，：？这个家庭的矛盾我爹站75我妈60我50#家庭#
240,有的人就是外软内横，对家人疑神疑鬼的，只相信外人，这种人还玻璃心。讲道理没用的
241,钱能差鬼，打的一拳开免得百拳来。你要么掌握经济主动权，要么用武力争取主动权。你整天对骂，讲道理，逃避，一点用都没有。我就是用以上方法夺权的。老话说的好，父不慈休怪子不孝
242,我一直认为我还是个孩子，17岁出来打工，转眼就21了。我承受着这个年龄不该有的压力与帅气。
243,no_content
244,no_content
245,no_content
246,孕15周被老公家暴，我曽经他会改掉，一次比一次打的狠，如果不是肚子里的孩子，早就离婚了
247,几个月了？可以分居，找妇联或司法所，让他拿生活费给你，夫妻之间有相互扶助的义务。 等孩子生了，还是离婚比较好，不然以后他可能连孩子一起打，因为他就是那种人，脾气一上来就控制不住，不考虑后果。
248,你应该第一次被家暴就求助，现在挺着大肚子，反家暴庇护所也是无法留你的，还是先住娘家吧，然后找上述部门让他出生活费，这是法定义务
249,走吧，生了孩子更麻烦
250,。你自己傻。打掉孩子离婚就好啊，第一次就直接打掉。生了孩子你指望他能负责？对不起，你自己一个人养吧，家暴2次以上别指望他能改。现在这想打都打不了了
251,家暴跟赌博一样改不掉的，网上这么多活生生的案例还不够清楚吗？把孩子打掉离婚。
252,家暴家庭比单亲家庭伤害大的多···如果可行别让孩子出来了··
253,不会改的，考虑一下孩子的成长环境，离开吧
254,快点离婚，这样的男的孩子出生了也不好过
255,把孩子打掉离婚
256,我女朋友放老虎咬我我也选择原谅了，谁让我非她不娶呢
257,肚子里有孩子才应该离婚，要不就申请保护令
258,有了孩子以后，你更离不开它
259,no_content
260,no_content
261,no_content
262,视频来自：百度贴吧
263,他干嘛啊!为什么这样?
264,还手啊
265,怎么不还手，不行就趁早分了
266,炸心了
267,长得又不丑，为啥要接受这样的婚姻？
268,那你还好吗？
269,
270,家暴只有0次和无数次
271,no_content
272,no_content
273,no_content
274,想想活着有什么意思，为了孩子我还要忍吗？心里有千言万语的苦…………我想告他让他坐牢……我的恨
275,天呢 真可怕
276,希望你用法律手段维护自己的合法权益 你老公是畜生吗
277,我被我老公拿刀砍过，拿酒瓶砸过头上里面缝六针，外面八针，身上很多疤，头发全给我剪了，想想离了婚孩子可怜
278,这是头上？我被打成耳穿孔
279,我昨天离了，没有了家暴，昨天是我睡的最踏实的一觉
280,不要说为了孩子这种屁话，你当婚姻是儿戏？失去了还能再重来，好好想想如果你能完全放弃，那就完全放弃，如果不能就别说了
281,不要说为了孩子，没有骨气的东西，如果真为了孩子你早就应该离开，这样的环境成长还不如单亲家庭
282,半夜来看，吓死我了
283,最近看了这么多有关家暴的话题，我发现我错了，我以前我你说是为了孩子，其实孩子再这样的环境下对孩子的成长太可怕了！我儿子已经受到了影响，我后悔没早一点离
284,心酸的秘密1 楼主：他家人没人关心在意孩子心里方面的问题，他现在胆小怕事，不合群，孤僻。急了自己掐自己
285,我被家暴两次都在女儿面前，所以我准备离婚了。为了孩子才更要离婚！！
286,怎么打这样，这男的心真狠
287,什么叫做为了孩子？？？孩子在这种环境能健康成长？？？为什么要一直拿孩子当借口？？？取证！！！！！！离婚！！！！你有工作能力为什么要依靠个禽兽？？
288,渣男一枚，赶紧离婚
289,要是没有脑震荡或者内伤应该不重，人的头骨很坚固，大脑没有其他损伤就没有大事。下次被打时可以尝试用手臂防护或者用其他东西抵挡一下，头骨虽然坚固不过还是有些要害在头部，护主为好
290,忍个球球！离啊！
291,好可怕 离婚啊
292,太惨。。
293,不知道你们怎么想，我是母亲家暴父母离婚了，家暴那段时间一直在计划着离家出走，偷着攒路费，也不比离婚了惨
294,心疼
295,不要说为了孩子，你会害了你的孩子
296,早点离婚 不要让你的孩子成为你自己这场婚姻的又一个受害者
297,不要幻想只要是完整的婚姻就会给孩子爱，一个完整但是不幸福，还家暴的家庭才是给孩子最大的伤害，你的孩子现在性格还没有形成，真正为了孩子赶紧离婚吧，也是为了你自己
298,我老公吼我，一生气不理我算不算家暴
299,报警吧，离婚。家暴只有零次和无数次分。
300,我也被老公打过耳穿孔，也被打破头缝七八针
301,no_content
302,no_content
303,no_content
304,
305,今天，2020年农历十月十五，即11月29日，是我爸的生日。从早上起来，我和妈妈就开始忙着采买食物，做菜包饺子，订蛋糕。然而晚上他喝醉了，一喝醉第一件事就是找我妈的茬，吆喝她骂她，我很生气和他吆喝起来。他把我一顿揍，扯着我的头发呼我的脸，把我的眼镜都打飞了，踹我肚子，往我脸上啐了一口痰，还解下腰带来要抽死我，妈妈拼命护着我。我挣扎着跑到门口喊“救命”然而喊了很久，住在隔壁的我大爷跑过来，咬住他扯我头发的手，然后踹了他一脚关上门。我趁机逃了出去，飞奔出去，他在后边喊要打死我…
306,大爷是我爸的亲哥，晚上也是一起吃的饭，喝醉了，后来好容易说着散场，让他回家。结果不到五分钟，打起来了。他又跑过来。
307,我的家庭，让我明白什么才是真正的“他人即地狱”。这句话的意思就是指身边的人全都是坏人，没有一个好人。不懂的话可以去看李栋旭演的同名韩剧《他人即地狱》。我爸爸在我高中的时候被抓进监狱，一直到我大学毕业工作了才出来。在此期间，我的小家庭—我妈，我弟和我经历了前所未有的苦难与宁静。苦难是因为一个女人带两个孩子，撑起一个家真的不容易。宁静是因为拜托了我爸这个酗酒家暴狂。而我的父系大家庭—我爷爷奶奶，我姑家，我大爷家，并没有给予任何实质性帮助反而欺负我妈。尤其是我姑，判决后她提出要给我爸找律师上诉，然而也没帮上忙，败诉了。当初主张的时候她说她来负责这件事，然而败诉之后她又来向我妈讨律师费。彼时我家一贫如洗，家里没钱，还有一堆我爸欠下的外债。她讨要不到，竟然去我妈妈的亲戚，我大表舅那里讨要…这个姑去看守所看我爸的时候偶尔会给我爸充钱，让我爸感激她这个姐姐，然后回家以后再上门上来找我妈讨要…并且挑唆我爷爷奶奶和我妈的关系，是一个又当又立虚伪至极的女人。
308,后来，我发现，我姑的这种虚伪，是得了我爷爷奶奶的真传。他们两个，真的是极度自私又虚伪。他们的三个孩子，我姑我大爷我爸，也一个个都青出于蓝。整个父系家族，就像个魔窟，写着虚伪二字。我的爷爷奶奶在我爸进去之后，变成她女儿也就是我姑的马前卒，冲锋陷阵为我姑掌管娘家大权而效劳。事实上，我姑这个人，在当时，就想掌握娘家实权，想让我妈听她的，觉得我爸不在家，我妈好欺负。然而我妈勇敢的支撑起那段岁月，保护着青春期的我和年幼的弟弟。那时候我妈种着家里的10亩地，还要出去打工，早出晚归，干着和男人一样的力气活。而我爷爷奶奶，很少帮她，地里的活基本上都是我姥爷还有舅舅来帮我妈。尤其我姥爷，一把年纪了，来帮我妈，到了饭点从来不留下吃一顿饭，反而经常让我妈和弟弟回他们那吃饭，我弟弟小时候还在姥姥家住过一段时间。反观我爷爷奶奶，从来不主动让我妈过去吃一顿饭。甚至有一天大休我回家，晚上去他们那边吃的饭，我弟弟问了一句“这么晚了我妈还没下班没吃饭呢”我爷爷说“没吃饭就让她自己回家做！”我大学前夕，我奶奶得了一场病，住在县城的医院里。我姑美其名曰是去照顾她，然而一到饭点拖家带口去县城下馆子…连开车的油钱都记录在奶奶的总花费里，三家分摊这个钱。当时我妈带着我弟弟去看医院我奶奶，我奶奶病床底下一堆牛奶八宝粥水果之类的，我弟弟那时候很小，看到牛奶问我爷爷想要一个，结果我爷爷让他问我姑，我姑又说那是我表姐拿的，我表姐最后告诉我弟弟，那是给奶奶的不是给他的，不可以喝…一堆东西最后都进了他家的口袋，而我弟弟只是想要一包牛奶，都不可以。我的记忆很模糊了，难以想象当时我妈心里多酸楚。再说我爷爷奶奶住院的时候，有天我正上课，我爷爷给我打电话，上来就说我，你奶奶都住院了你在县城上学也不知道来看看你奶奶。我当时都马上要高考了，学校封闭式管理，住校生根本不可以出校门，好不容易请假去了，结果我奶奶让我考虑下不要读书了，在家伺候着她，让我妈上班干活，以后供我弟弟读书就行了…
309,我现在躺在床上，回想起我大声喊救命的时候，每一声都凄厉充满恐惧，响彻夜空。然而，只有我大爷一个人过来了。其他的邻居，左邻右舍，应该听见也装作没听见吧。谁会愿意趟这趟浑水呢，爸爸在村里酗酒黑历史出了名了，并且左邻右舍，都是老人了，村庄里已经没有什么年轻人了。我的心，也在一声声“救命”中，完全暗下去了，他再也不值得我任何尊重，他再也不是我爸爸了。
310,只恨自己不是男儿身
311,男不男儿不重要，对于心黑手狠的人一根筷子都能杀人，一把改锥都是杀人利器。只在乎与你能干到哪一步，能付出多大代价。对于家暴者，如果无法远离，你可以尝试比他更残暴，凶狠。家暴的目的是让自己愉悦，不是为了寻求死亡和痛苦，如果你能带给他极大的痛苦，恐惧，他自然不会对你实施家暴
312,跑路吧
313,no_content
314,no_content
315,no_content
316,我老婆经常打我女儿，我感觉她疯了
317,**老婆，今天把我女儿都打淤青了。请问我该怎么办
318,你都说女儿是你得了，她凭什么打，赶他出门啊
319,建议沟通 然后查清原因 我估计应该是争风吃醋 你对你女儿是不是好过老婆？
320,你还有脸在这说这种话！一个大男人，都没办法制止女人的这种行为！当心你女儿离家出走，不认你们了。
321,对，社会的疯女人不少
322,我妈也经常这样打我
323,你打她呀！
324,人数
325,为什么打女儿，这个要搞清楚。
326,你是男人，要为孩子着想，多沟通
327,这种女人你都不打他那你真的是傻了
328,真希望我爸也能发现这一切......
329,你得想办法保护你女儿，你打她肯定不行，她还会再打孩子
330,其实忍一忍就没事，不过身为男人真忍不了
331,no_content
332,no_content
333,no_content
334,我今年18，是一名中专生，被后妈打了，怎么办？事情原因，2020年11月2日，周一上午，我因为头疼，胃疼，向学校请假，我身体本来就虚弱，老师，同学们都知道。大约8点半左右，我起床去洗澡，在卫生间我洗了大约20分钟，续母来门口，催促我，说要说是要上卫生间，当时我刚打好沐浴露，准备冲洗。续母在外面一直催促，我说马上就好，续母就开始砸浴室的门，我被吓到了，就急急忙忙把上衣穿好，她在外面一直辱骂，还骂到了我亲生母亲，我气急就和她对骂了起来。她可能没想到我会和她吵，一直在外面砸门，我看门不对，就赶紧打开，打开的门直接砸到我身上，我差点摔倒。我当时没有穿裤子，她一把抓住我的胳膊，我的胳膊被扭到了，头撞到了冰箱上，我强忍着没哭，她就一把把我的东西扔了出来，我的东西散落了一地，我实在忍不了，站了起来，准备还手，可惜身高体重的差异，她又把我推倒，还给了我几个耳光。她不停的骂我，当时我的胳膊已经被扭伤，没有力气，嘴角被打破，手腕完全红肿起来，腿也被门槛划破。我当时恼了，就拿石头扔了过去，但没有砸到，她就也扔我，一个石头砸到我头上，头有点肿。后来她就回房间把门缩住，我想上去找她理论，她打开门又把我推倒，后脑勺再次撞到桌角，肿了起来，但没有破。她给我父亲打完电话后，忽然坐在地上哭了，说我欺负她，我把她头打破了，我回到房间，给我父亲也打了电话，顺便打了报警电话，打完电话后，当时因为不确定她的头到底被打破了没有，我在房间里缓了一下，去给她倒了杯水，问她要不要打120，她就一直哭。我就回我房间里，想坐一会，父亲回来后，续母就开始告知，说我把她头打破了。又等了一会，警察到家里，续母给警察说我把她的头打破了，警察就是劝解了一番，也没有什么实际行动，也走了。我没办法，回到房间后，头疼的厉害，胃也很难受，在床上窝了一会，实在难受，只好起来打算去卫生间，就看见续母在洗澡，我忍着难受，一个人去了医院，买了药。11月3号，我上完药，为了遮住伤，只好化了浓妆。现在我该怎么办？#家暴##虐待#
335,女生吗
336,你们出的什么歪主意。打架只有自己吃亏。
337,裤子本身就这样吗
338,没办法，以后会更严重
339,你自己做好心理准备
340,那你就是尽量选择住校，少根你继母接触。免得再次受到伤害，熬到毕业再说，你觉呢
341,唉😔我想疼人，还没人给我疼你刚好相反
342,下次再有发生什么口角，提前留个心眼，偷摸用手机录音。
343,你还给她倒水喝。你心里是怯了是不，一杯水能讨好她吗
344,其实先试着看看能不能缓和关系，是正道。她要是上厕所非常急的话，你在里面很慢 ，她也会怀疑你是不是故意的。如果关系不能缓和，在考虑其他方式解决。毕竟不能老老实实的被欺负。
345,尽量缩在学校不回家
346,狠狠修理她一次，她就不敢了
347,可怜娃
348,no_content
349,no_content
350,no_content
351,我男朋友经常打我 习以为常 拿我不当人 直接动不动就是一脚上来踹 动不动就是打耳光 这些我只能说还是轻的 重的直接就是揪着我的头发狠狠的把我的头往墙上撞 有一次还用那种铁的热水壶砸我头直接把热水壶砸烂了 拿那种很重的木椅子砸我身上不分位置 拿衣架抽我 身上的伤数不清
352,男朋友还是还是老公呀，这你为啥要忍
353,需要老师帮助吗
354,报警，分手h，还有啥好说的呀
355,这还舍不得分手呢？
356,都不把你当人了，你为什么还要像个奴隶一样缠着他，跪久了起不来？
357,那还不赶紧分开
358,大家别理楼主这种傻女人，被打成这样还出来问要不要分手，简直是有病，何止是要分手，还可以去法院告他了，这种事情还需要问？你说你是不是有病？
359,你不会离开吗？
360,然后呢？那你为啥不离开他？不离开那就是你的问题了
361,你自己是受虐狂，现在又来贴吧诉苦了，
362,你自己是受虐狂，现在又来贴吧诉苦了，
363,这都不分手只能说你是个受虐狂
364,我想分手离婚可是他威胁我要我死要我父母死，我怕连累到我父母，他特别疯狂，直接是变态，生气起来疯狂打我过后又想方设法哄我，我也想告他可是怕他出来更不放过我家人，该怎么办啊
365,你咋那么抗揍呢？喜欢被打？
366,我男朋友是那种玩游戏骂人的人。把自己队友的祖宗拿出来骂的哪种，然后输了或者死了我刚好有什么事，其实都是小事但是他都要骂我，有什么事就说我惹他他才打我的。要不是孩子我早走了。炒菜盐淡了骂人，盐多了骂人，感觉他有神经病。人家收水费的，有几个单子要核对。他觉得他吃亏骂人家，骂的人家都哭了。真心觉得恶心。
367,离开吧  这种男的不值得
368,楼主享受着呢，你们劝分她还骂你们的
369,分
370,没事的打打就好了，你是受虐狂啊
371,分手吧，再不行上法院告他
372,woc……这被咬的不轻啊
373,不分留着过年？
374,打成这样还不分手，第一次就应该分手，活该啊，谁叫你不分手，活该，自找的，说白了，就是贱，你还别生气，我说的是事实。另外作为一个好心人，劝你一句，分手吧，不然最后只能被打死，知道吗，是被打死。
375,应该是不敢离开，怕对家人不利
376,世界上怎么会有如此恶心的男人
377,都这样了你还能忍？快清醒离开吧！
378,人渣，早点离开吧
379,楼主，你知道斯德哥尔摩综合症吗？
380,楼主抱抱，同情你的遭遇，但凡事君
381,no_content
382,no_content
383,no_content
384,被媳妇每天家暴摧残中……这是第3288天，大腿里子又再次被拿捏，持续更新，现在女性真的很不讲道理，持续报道，，，，，，
385,刚刚孩子的转笔刀找不到了，媳妇来问我，没等说话，四个嘴巴子一面两个招呼上了，哈哈如果我要用你对我方式对待你，估计你早已离去!人有的时候很犯贱，时间长了自己都感觉不在意了
386,她这样做不对，和她谈谈！或者找亲戚来说说
387,男人别太软弱
388,你是个有手有脚的男人，不知道还手？
389,泥个怂批
390,现在的女性。。。？？又不是全部
391,兄弟，我理解你，你一动手，就变了
392,您好，我是《三联生活周刊》的记者，我正在写一篇关于家庭暴力的文章，想要探讨暴力受害者的真实处境。如果发生过类似的情况，或许已经结束了，但我还是希望能跟您聊一聊，因为男性受暴力的情况往往是被我们所忽视的，希望能通过您的经历给更多人启发和鼓励。报道中我们将根据您的需要，对您的隐私进行保密。如果您愿意接受采访，希望你能尽快告知我你的联系方式，我的微信是18811523701。期待您的回复。
393,我特别理解你兄弟以前我女朋友放老虎咬我，我一个滑铲从下边过去掏出随身的刀就把老虎肚子划开，老虎就死了然后她就掏出步枪扫射我，我极度愤怒的躲开了加长弹夹的六十发北约5.56子弹然后用失传绝学抓奶龙爪手将其治服。
394,纠正一下，不能以偏概全，并不是现在的女性都这样
395,******，哪有男人被女人家暴的
396,活该，还有脸说是3288天？你的手脚是干嘛用的？装饰品啊？
397,理解！
398,男人那么懦弱？
399,你老婆不讲道理，不代表所有女性，还有她敢这样也是你惯出来的
400,其实你是爱她的对吗？
401,no_content
402,no_content
403,no_content
404,视频来自：百度贴吧分享一个家暴男，婚姻给了女人什么，你拼命的给他生下两个儿子他是这样回击给你的，婚姻中女人永远是受害者，之前他打了我两次巴掌我也忍了这次因为嫌我我没弄好大宝说什么人家都把娃带的好好的教育的好好的你没弄，对我大喊大叫大骂把我拽出去用力踹我胳膊导致我胳膊现在肿的都突起来了
405,温柔以待
406,一直这样吗？还是最近才这样
407,不要一味劝女人先改，  任何调解都是强势方先改，当然强势方不一定是男方，但必须强势方先调整。凡是专业调解员都清楚这一点~~除非你能精准分析强势方，不然光凭只言片语，不要劝人如何调整。
408,所谓强势方，是拥有决定权的一方。也就说，一贯有家庭地位的人，家里的事，绝大部分TA说了算。
409,no_content
410,no_content
411,no_content
412,
413,说反了，有钱男人家暴的比率真的可以忽略不计。
414,no_content
415,no_content
416,no_content
417,***活够了。从我记事开始，我妈就被我爸打，每次都是那种血流一地的。喝醉了就打五六岁的我，那时候胳膊上全是鞋印。九岁的时候把我妈的骨头打断了，报警之后警察就帮忙拨打了120，之后就走了，医生说骨头离心脏只有一厘米的距离，在近一点扎到心脏就会死亡。家里面条件很不好，根本没有钱付医药费，要付钱的时候，我爸躲在他那些狐朋狗友那儿。家里以前条件挺好的，有澡堂和饭店，全被我爸为了一时的小钱给变卖了。我妈在外面辛苦赚钱被他拿去花天酒地。我想他们为什么不离婚，后来才知道他们早就离婚了，我妈喜欢我爸。她们两在一起就是为了自己的私欲，一个为了钱，一个想有一个家庭的温暖。后来因为他们的吵闹让我无心学习，没考好就被我爸骂成**，**的，**。有时还打我。到我上初一的时候，他摔了我两个手机，找同学借了一个手机用，被他看见了二话不说就砸了，后来知道是同学的也不赔。第二天他出去时说让我写检讨，回了来看我没写完就要打死我，星期一还要去打我同学。那天我准备写检讨，写下检讨书后我想了个决定，把检讨书撕了写下三个字‘我走了’，后来又流着泪写了两页小的信，就离家出走了。在网吧睡了三天，一天只吃一顿饭。后来他给我发QQ说他会改，以后再也不会冲动打人了，我相信了他就回去了，他头两天对我真的很好，终于让我感受到了两天的父爱。可是慢慢的他有恢复了原来的本性。所有都不知道跟谁诉说，一次发不了太多，有人看的话我会继续更。
418,"上面说的被我爸骂成*****，狗ri的,fei物。864213"
419,现在已经成立反家暴法了，也就是说家庭暴力已经触犯法律了，下次家暴的时候你要去医院检查一下留下检查报告，日后你报警会很有用的。
420,家暴对孩子一生的影响，及对家庭的影响，这部小说《走失的亲情》能触碰你的心灵http://book.tianya.cn/book/89518.asp
421,真的法律不够完善吧。。
422,不知道怎么帮你，但是希望你能开心每一天！加油！努力争气！
423,跟你爸断绝关系吧，你爸肯定不是什么好东西，你爷爷奶奶肯定被你爸打过
424,1
425,你爸狠为什么只打老婆孩子，不去打其他人，外面的坏人多得是，一定也有欺负他的人，这个沙雕怂包渣子怎么还不揍他
426,就连局长都是窝囊废，我去了三个区的派出所，都不敢说话，被我*了一个小时，局长都躲到下面抽烟，连屁都不敢放，只有找共产党帮忙！他们会管，律师都不会管这个，都是没用的人！
427,我也不知道怎么办 我爸也是经常性殴打我妈 照你们这样说报警都没有用我还能怎么办 我真的太难受了
428,楼主想开点，你要记住你是为自己而活，不是为了你父母而活。
429,哥们你还好吗
430,真怕我孩子长大也这样
431,警察不管就去起诉警察不作为啊，这样就管了，不要惯着警察，做这个职业就要为人民服务不然就是玷污了整个警察形象
432,no_content
433,no_content
434,no_content
435,我今年30岁，性格内向在外人面前沉默儒弱胆小怕事，在母亲和妻子面前却大吼大叫，有什么不顺心的事就会在母亲和妻子面前显得不高兴黑脸或者大叫发屁气，在外人面前却又假装微笑。跟妻子结婚五年经常黑脸吵架，因为吵架时觉得自己有理或者是妻子不顺从自己的想法就会急火攻心，心里憋屈的很，就会言语威胁，甚至动手打人，结婚五年动手打过妻子三次，弟一次是假装吓她没用劲打，她确口口声声说我打她，到弟二次时我心想你说我打那我就真用力一脚踢在她屁股上痛了她半年，有了弟二次我也就放开了等到弟三次时我是直接拿凳子砸了两下背并狠狠的一下把她推摔在地上，当时要不是母亲拦着我肯定会把她打的半死才解气因为在打她时她嘴还没停。有了这三次后我现在只要每次跟她一吵架火气一攻心后就真的好想再动手打她，而且只要打就肯定会把她打惨，不然她到处给亲戚说我打她，背上一个打老婆的名声后，我却没用尽全力打会觉得很冤。我现在真的怕控制不住自己，我不想打她也不想跟她吵架，想爱她，但是这都是一个人静下来才能这样想，有什么办法能改变我自己吗？
436,我这种人每天过的并不快乐，经常一碰到不开心不顺心的事，就有一股气憋到胸口，心里难受的很，而妻子不管什么事无论大小基本百分之八十，她的意见都跟我是反的好像故意就跟我对着干，所以就经常吵架。
437,就拿今晚上的事说下，收摊时我看今天生意很差，心里也开心不起来，也没给妻子多说什么话，就一个人去煮饭，等煮好后她说我把饭煮多了叫我帮她吃点，我心情不好换平时会帮她吃点但是今晚叫她吃不完就倒垃圾桶，她一听就说我不会煮饭还不知道她每天吃多少饭等，一直说我，我当时的心情是因为今天没生意心里难受，一听她说这些话心中的火一下就发到她身上叫她闭嘴，她还在那里说，然后我就把脸黑到底说了句，求求你闭嘴不要说了。在说这句话时我的耐心也到底了好想把一碗饭泼到她身上。还好她看了我一眼就没再说话
438,兄弟，你这性格和我一样 找个心理医生看看吧。乐观，开朗一点，明天更美好😊
439,楼主做啥生意，摆摊子啊
440,能吃苦的男人已经不错了。你在哪个地方摆摊啊
441,人家摆2小时早上，晚上3小时，京东方门口我看生意看行，一个人消费5到8块左右。
442,一个好男人是不会去打老婆的，你这是sb行为，就像楼上说的，就只会打老婆是吧，别人不敢是吧，打解决不了问题的，明白吗？30多的人了，你怎么就不想一下，没有脑子吗，打到妻离子散，打到自己一个人，刺激啊，想想就刺激，送你一句话，家和万事兴
443,生意不好不知道找原因？打老婆就解决问题了？没有吧。谁敢保证生意每天都好？生意不好可以和老婆沟通啊，都是一家人你老婆总不可能整你吧。遇事学会换位思考，自己要有判断力。否则你就自己闷去吧。永远不解决问题。都30岁的人了没点判断力我看你这30年白活了。既然你冷静了也知道这样做不对，那你为什么还要这样做？你那个理由是站不住脚的。自己要会调节，怎么调节？转移你的注意力，尽量不去想这些事。如果要想，请想如何改变你的现状。如果想不出答案那就别想了。找个感兴趣的事放松心情去。总比打老婆强吧。你说是不是呢？
444,4楼建议我觉得值得你采纳。不要说我没人性。上面我也说了那么多，都是成年人，没必要废话。还有既然你爸都那样，你也知道不对，也知道害怕，现在你却照搬过来，我都不知道说你点啥好。自己去想吧。
445,楼主，看了你的帖子，挺恨你的，我觉得，这行为改不掉的，我觉得你老婆心理也恨你。
446,出国做事返身。
447,养成一个好习惯，比如买点健身器材，建建身，有怒气时转移注意力和话题，多交些朋友，多与妻子沟通!
448,离婚吧。对你们各自都是解脱
449,打女人的男人没出息，你老婆居然还不跟你离婚。你还知道自己有问题。要么改，自己解决不了去找心理医生想办法，一般两百块一小时聊天。要么离婚放你老婆一条生路。
450,老弟，去钓鱼吧。有什么怨气到水边吼吼，一个月去钓个几次，找个远离市去的水边，晒晒太阳，想想心事，问问自己做的对不对。
451,你和我前夫一样
452,说来说去还是没钱造成的
453,去看看心理医生吧你
454,你有什么资格在你母亲媳妇面前耍威风，你在别人面前跟孙子一样，你就能欺负你最亲近的人，你个害人精，你妈还把你养大了
455,恶心玩意儿
456,不知道说什么好
457,"你这种人就该死知道吗，家暴的five,"
458,呵呵，你这种人也配有老婆，真好奇你对你老婆这么不好你老婆为什么不离开你，怎么人活着就要受你的打？就得受你的气？真希望你老婆能打回去，让你尝尝被打的滋味
459,** 家里横
460,没人能帮你改变，只能你自己改变的了你自己。如果你自己完全控制不了自己，可以去看看心理医生。
461,ta
462,自己多控制，你这是典型的窝里横，喜欢找软柿子捏，说实话难以改变。除非你媳妇和母亲如果能变得凶狠，能反击到让你足够恐惧和痛苦
463,no_content
464,no_content
465,no_content
466,我刚结婚两个月，我发现我老婆有点暴力倾向，动不动就生气，吵不过还动手打人，我自知是个男的不能动手，动手她那体格就跟捏菜一样的。但是动不动抓到一个东西就飞过来了，什么刀子，剪刀，手机，碗盘都用过。别人都说结婚了之后男的会变，我怎么碰到的就是个反的呢。我体格壮硕，也挨不住呀咋整呢？
467,嘿嘿嘿嘿嘿嘿嘿嘿
468,"离婚,要求女方返还彩礼"
469,"人的忍耐都是有限度的,老实人更不能欺负,一旦老实人爆发了,后果更可怕"
470,这不是单纯暴力倾向，应该有点精神疾病了，你了解一下她的原生家庭状况，跟她沟通下她为什么情绪失控，最后需要可以去心理门诊检查一下。
471,跟我老婆差不多，一发起火来就情绪失控，逮着啥拿啥打，非常吓人。
472,这种老婆要他何用
473,楼主同款
474,家暴人格不在男女，只不过女的少一些，无论男女，千万不能惯。有个男的因为没给老婆买鸡腿，就被老婆给捅死了~在这惨案发生的前一天，这个男人如果跟朋友说，有人会觉得女打男也能出人命吗？？你可以提出离婚，如果她承认错了，但在半年之内又控制不住的发作了，那就有多远就离她多远。真心改不了，以后还得打孩子，反家暴辅导都是，悔过后半年内又发作，这种一律劝分~
475,有一点很多人不明白，妇 联也好，反家暴也好都是维护弱势女性，保护妇女的合法权益，而不是给霸道的妇女撑腰的，这也算底线问题。突破底线就不是女权了，而是女拳
476,楼主，谁让咱们摊上了强势的老婆，只能接着。新婚夜媳妇要求我戒烟，她说不答应就睡沙发，我只好说，如不戒任媳妇重罚。婚后2个月我照抽不误，早把答应的事忘脑后了，有天晚上忘了刷牙，满嘴烟味被老婆赶下床，还没站稳，就挨了老婆4个大耳光，当时就给吓懵了。事后除了承认错误，保证戒烟没有出路，可我心里委屈，男人的尊严没了。我想离婚。我爸不让，说我活该挨打，就知道抽烟。如今烟早就戒了，可老婆依旧爱冲我发火......
477,如果发生过类似的情况，或许已经结束了，但我还是希望能跟您聊一聊，因为男性受暴力的情况往往是被我们所忽视的，希望能通过您的经历给更多人启发和鼓励。报道中我们将根据您的需要，对您的隐私进行保密。如果您愿意接受采访，希望你能尽快告知我你的联系方式，我的微信是18811523701。期待您的回复。
478,才结婚两个月，尚属新婚，不太建议立马离婚，可以跟你老婆好好聊一下，明确表明你的态度，如果她能听进去并改正，我觉得可以再给她一次机会。如果完全不讲道理，并且有暴力逐渐升级的趋势，我建议在没有孩子之前离婚，不要让孩子成长在这样的环境下。我的微信是18358196986，可以向我详细咨询。
479,给她来套军体拳就对了
480,同款
481,趁早离婚
482,no_content
483,no_content
484,no_content
485,有一次我闺蜜打游戏输了，心情很不好，正好她男朋友过来了她仅仅是骂了她男朋友几句，大概就是说她男朋友死妈什么的，然后她男朋友就直接问她“你抽什么疯？！”她当时就恼了，拿起水果刀（合着的，没打开）砸了过去，她男朋友没受伤，然后她男朋友出去了，就为了这点事她男朋友已经四天没理她了，她男朋友这种行为算冷暴力吗？冷暴力算家暴吗？我要劝她报警吗？
486,
487,你有病，你闺蜜也有病，建议你们进警察局
488,别以为我不知道你是仇女的家伙，但是请你这个狗13睁大眼睛，这是家暴吧，不是你这种死g叫的地方。
489,把自己的快乐建立在别人身上你真不觉得ex
490,你真是没良心，翻翻上几个帖子，作为一个人你真的不会痛吗？你这种乐色玩意，估计就是那种天天搞家暴的家伙，估计你和你“闺蜜”就是这样对女人的
491,拿刀捅估计还不够，还要到法院去告，我的天，为什么？她为什么要挣扎，不应该躺下来乖乖任我刀吗？
492,憨p玩意儿，去死吧
493,no_content
494,no_content
495,no_content
496,小时候经常被家暴的进我是女生，小时候经常被父亲打骂，现在20了，得了抑郁症，不太想活了。我想问，小时候经常被打骂长大后会更容易得抑郁症吗
497,心态问题。唉！过去的事了，只要他现在不打你，还能好好生活吧？我也是被家暴，有一种恐惧感
498,很容易的抑郁，一定要自我控制，不要以悲观的心态去想，要乐观。不然会在悲观的世界无法自拔
499,心态问题，可以走出来
500,按时吃药，坚持锻炼，会慢慢好起来的
501,很容易得你现在需要找个温暖的男朋友可以保护你的比如我
502,那是因为你不够皮
503,确实会影响很大
504,别动不动就不想活，你还年轻，有更美好的未来，调整心态，努力走出阴霾。
505,抑郁症是自由缺乏综合症，就是囚徒人格。离开那个环境自然就好了。要不要加老哥个QQ多聊聊？
506,不要老想着过去，你过好现在和未来就是了
507,吃药没用，学会自我排解
508,学会调节，吃药，突破，自我从组
509,差不多吧，我从6岁开始起至今有近20年被家暴史，高中就得了抑郁症，反反复复遭受刺激，自杀就有三四次（其中一次心衰昏迷，是最接近死亡的一次）最重要的一点是家里父母一直把自己当作工具，没有把我当做一个应该被尊重的人看待。想过死，但后来明白死不是必然。
510,真的要坚强，我现在就是面临你这样的情况，我们要自己活的很好
511,是比较容易。一般这样的家庭就容易、养成2种性格。1是容易暴躁，内心敏感，没有安全感，抑郁症等。2就是内心特别强大，特别坚强。正常性格会比较少。换个角度想想，你20岁了，大一或者大二，马上大学毕业了。等大学毕业就好了，到时候别回老家，换个城市，去省会啊二线城市发展，觉得自己能力够身体好的985-211毕业可以去一线试试，要不然就二线省会带带好了。
512,我可以让你变的平静幸福，开心快乐，因为我就是这么过来的。点一下我的黑色头像…+
513,绝对不要有紫砂的想法，你要是不在了，会有人为你悲伤伤心流泪的，多想想开心的事，自立了就搬出来自己过。
514,20了离开他是你最好的选择
515,不会吧！
516,我现在都还被打骂，我也是女生，甚至生重病也要被打骂
517,赶快独立自己出去养活自己忘掉这个家
518,家暴家庭长大的孩子是容易有心理疾病或者精神疾病方面的问题， 我也是家暴环境下长大的其中之一
519,自己好好的
520,和你一样，我重度抑郁，很难熬
521,你就想着活下去，看他怎么死
522,不一定，但阴影会一直留着
523,昨天凌晨刚被打了一顿，十几脚全对着头踹，眼眶都是青黑的 耳朵还在耳鸣 打到失禁了。感觉没有活路，他再打我拼着命也要把他杀了，反正我未来也没什么希望。。。
524,家暴受害者很多误诊抑郁症的，但其实是ptsd。如果你觉得心理出现问题，第一，尽量为自己争取到最好的经济补偿，父母的钱就是给孩子的，不要愧疚，能拿多少拿多少。第二，做EMDR治疗ptsd。人的身体储藏恐惧的地方不是大脑，而是身体，所以百忧解或其他抗抑郁的药都不会有效果。以上。祝好。
525,no_content
526,no_content
527,no_content
528,最近山东发生了一起被婆家虐待致死的案件，很让人愤慨，但是互联网上的新闻就是这样，几天过去，大家就全都忘记了。 而我之所以对这个案子感触很深，是因为我身边发生过一起同类性质的事情，而那个姑娘曾经是我最好的朋友之一，所以这个事情直到今天我都不能释怀。 女孩子的名字叫做M li na，听起来有点像英文Banana，所以后来我们就给她起了一个绰号叫Banana，刚开始她不喜欢这个绰号，但是时间长了，连她自己都习惯了。 她是一个独生女，在学校的时候有一个最好的女朋友Liu，而我那时候有很多关系很好的男同学，我们每个周末会一起骑车去爬贺兰山，每次出去的时候我们也会约上一些女孩子，Liu和Banana是参加最多的女孩子，所以时间长了，我们的关系也慢慢熟了。 那时候我的学习成绩很好，加上我们城市非常小，学校也非常小，所以全年级的同学的爸爸妈妈都认识我（很多都是我爸爸的同事），Banana的爸爸妈妈也不例外，每次Banana妈妈见到我的时候，都会对她女儿说，你多和他学学如何学习啊，Banana就是吐舌头一笑。 Banana和我们变得熟悉以后，除了爬山，我们几个男孩子也会约上Liu和Banana一起打牌和逛街之类的（那时候我们不叫逛街，叫轧马路），6年的中学生活，可想而知，我们的感情变得很深。 高考之后，我去了清华，Banana去了长安大学，Liu还留在宁夏，去了宁夏大学，不太记得什么样的原因促发，也许是我主动，也许是Banana主动，总之她和我有一段时间经常煲电话粥，每次打都会打一两个小时，她在电话里面讲她在学校里的同学和生活，而我则说在清华的同学和生活。 如果那个时候我主动说“你做我女朋友吧”，她一定会是同意的；相反，如果她主动一点，我可能也会同意，但是我们两个谁都没有说，只是就这样持续地煲着电话粥先聊着。 这样的状态持续了一年，就像不知道为什么开始打电话一样，然后我们俩也突然停止了打电话，各自都进入到自己的学校生活里面去了。停止了电话粥以后，即使有几次我还想再拿起电话打给她，后来想了想也就都放下了电话。 又过了一两年，我就听说她开始谈恋爱了，我一点也没有吃醋的感觉，反而还为她表示挺高兴的，然后我每次见到Liu的时候，都和她说“你看，你也要加油啊”（因为我每年从北京回宁夏，都会路过银川，所以经常会见到Liu）。 等到Banana正式谈恋爱以后，我就更不便再和她电话和短信了，所以慢慢地，我们就断了联系。 大学毕业以后，我留在了北京，有一次突然想起来，于是我就想问问Banana工作去哪里了，然而发现那个电话已经空号了，然后我就给Liu打电话，Liu说她也不知道，我就给Liu说，那你如果有Banana的联系方式的时候，一定记得转发给我一个。 一晃又是四五年过去了，有一天突然许久未联系的Liu突然主动找到我，说Banana胃癌去世了，问我要不要回去参加一下送别会，我大吃一惊，然后得知了整个过程（故事在Banana去世之后，她妈妈一边哭一边给我们讲的）： Banana毕业以后就和她当时的男朋友一起回了银川，她男朋友家是少数民族（为了避免引起不必要的麻烦，我这里不说哪个民族了，但是相信大家都能猜到），因此非常反对两个人在一起，但是Banana没有理会双方家长的反对，执意结婚了。 而婚后的生活，和她之前想的就完全不同了，男方家人完全不同意她和外面任何人联系，这也是即使她最好的死党Liu也一直竟然不知道她回了银川的原因；同时，在饮食方面，总是认为她的饮食不干净，所以全家人防着她吃东西，时间长了，竟然演变成她只能回家吃饭，而且只给她馒头和饼子，很少能吃到肉和菜；如果她在外面回来晚了，轻则没有吃的，重则就被家暴……几年的时间，她完全不敢和我们这些高中同学联系，只能偶尔找她妈妈诉诉苦，还得特别小心不能让她的婆家听到，同时也特别叮嘱她妈妈不要告诉我们；那几年的时间，她也完全不敢参加聚会，甚至都从来不敢在非工作时间出门，只是默默地一个人在家里待着……就更不用提买衣服、逛街、吃美食这些事情了…… 其实挺早她就感觉胃部不太舒服，但是她都不敢提出来去医院检查，总是以为就是饿的，然后就一直忍着……在我的印象中，她是一个圆圆的脸，非常爱笑的女孩子，而等她去世的时候，已经瘦的不成形了……仅仅只有二十几岁的姑娘，瘦成了不到80斤…… 后来的故事是，Banana的妈妈因为女儿的过世伤恸欲绝，和男方家里商量火化掉Banana，然后带着骨灰回故乡，但是被男方家拒绝了，追悼会后就再也不许包括Banana妈妈在内的人进入他家。至今Banana埋在了哪里都是一个谜，连Banana的妈妈都不知道，很多次我们同学挺想去扫扫墓，但是都打听不到具体墓在哪里。 Banana留下了一个儿子，而自从儿子出生，Banana的妈妈都很少可以去探视这个外孙，等到Banana去世之后，就更加不行了，一年之后，Banana的妈妈也绝望了，就搬离了宁夏，自此后我也再没能联系上她妈妈。
529,为什么总有人嫁给这样的家庭，好男人却总是不屑一顾
530,这女的结婚结的挺草率啊，一辈子能不能在一起生活的有情有默契有希望有意思都在你的选择里，所以一定要想好，不然苦痛折磨都可能发生，大意不得！
531,no_content
532,no_content
533,no_content
534,视频来自：百度贴吧
535,no_content
536,no_content
537,no_content
538,结婚快两年了，在结婚一年的时候 他喝多了我们起了争执 他扇来我一巴掌 第二天他很诚恳的对我道歉 保证以后不会再对我动手 我原谅了他 毕竟结婚了都想好好过日子，今年四月份左右 他半夜才回来 喝了很多酒 对我发酒疯 我没怎么搭理他 我也不想自己受伤害 他好好给他朋友打电话 然后非要我接电话 我没有接 他就用语言攻击我 然后揪着我头发打我头 然后把我从床上踹下来 踹了好几脚 后来我跑回了娘家 虽然身上没有淤青 也没怎么受伤 但是真的把我吓到了 觉得很恐惧 我当时一心想跟他离婚 但是当局者迷 毕竟是因为爱这个人才会嫁给他 每次都是因为喝酒而发生着一切 他又来祈求我原谅他 在双方家长面前保证不会再打我 从现在开始戒酒 他很爱喝酒 每天都要喝酒 在家都会喝一两瓶啤酒 如果他不喝酒 保持清醒 也许就不会发生悲剧，我又原谅了他，一开始是不怎么喝酒 后来他出去还是会喝一点 只不过不会喝醉，一出去就很晚回来 感觉家就跟客栈一样，昨晚他说一个领导请他吃饭 一开始我是拒绝的 他还是要去，然后他答应我吃完晚饭就会回来，直到晚上11点多 他表妹给我打了一个电话 说看到我老公在酒吧门口徘徊 他非要进去 他表妹拉他回家 没用 搞不定他 让我来找他，然后我到了现场 他拉我们进酒吧玩 我说你喝多了我们回家吧 他看见我 就说 都是因为我 他们才不进去玩 我破坏了他的局 一直劝他回家 都不回家 后来我就想吓唬吓唬他 再不回家就打他爸爸电话 他也不听 然后当着他表妹还有朋友 对我语言上的攻击 说的很难听 然后用拳头打了下旁边的车窗 那个样子真的很恐怖 还掐了我脖子 后来有几个人拦着他 感觉没有人拦着他 他都会打死我 后来我就一个人走了 我回我娘家了 我妈妈看到我的脖子很心痛 发信息骂了他 第二天他也就说喝酒喝蒙了 不知道自己做了什么，虽然我们有感情 但是我也不想被他打啊，有第一次就有第二次第三次 我相信了 如果不离婚我真的怕被打死
539,不离留着过年？
540,离了吧
541,哦 活该 第一次不离的都活该
542,no_content
543,no_content
544,no_content
545,“山东一女子因不能怀孕被丈夫、公婆虐待致死”一事引发关注，社会学和心理学领域专家解读背后的受害人权益保护问题。我们先还原一下“小方姑娘的一生”。婚前，她是家中独生女，其母亲患有精神病，父亲年迈，家境贫困，生活艰难。不过，可能是遗传原因，小方婚前身体还算健康，除了阶段性的精神状态不是很好，反应慢点，好在生活尚能自理，具备基础的工作能力，可以养活自己。鉴于农村男多女少，没得挑，她的出嫁，还是给当时还健在的父亲挣到了一份价值13万的彩礼。因为可能智力有一定问题，所以彩礼不是特别的多。（出生于1997年，那时候十九岁，还没到法定结婚年龄。）婚后，因为不能生育，婆家对小方极度不满。丈夫跟公婆对她轮番毒打，包括：用棍子打其头部、肩膀和腿部；拽其肩膀致其头部、膝盖和手磕到地面；用木棍打她的后背、腿部、臀部并让其罚站等。最后，小方从出嫁时的160多斤，瘦到了去世时的60多斤。死后，她未寒的尸骨又被叔叔卖给他人配做冥婚——收了几千元彩礼钱，火化后直接让对方把骨灰带走了。小方的经历令我们惋惜，那么如何辨别家暴行为？遇到家暴应该如何处理？什么方式的爱与被爱关系是健康的？社会学和心理学领域专家谭雪明为我们支招。一、遭遇暴力行为要及时地反抗求助针对受害人遭受家暴的处理方式，谭雪明列举了三种类型：1、受害人已经被加害人控制像该案件中提到，受害人人身自由显然已经被控制，无法自救或者求救。这种情况，就需要受害人的亲属和朋友有警觉，及时依法寻求相关部门的介入。2、受害人人身自由未受到控制加害人可能以伤害受害人的家人，甚至孩子为由，不同意离婚，威胁受害人继续维持婚姻存续状态。不少人有误区，觉得受害人大多数是因为经济不独立才无法离婚，但事实是，有大量的案例里，反而是受害人是挣钱养家的人，只是因为对方恶劣的人身威胁才无法离开。这种情况下，及时申请民事保护令，或将受害人及其孩子带至庇护所进行安全保护，就非常重要。3、确实有受虐妇女综合征这种情况不仅仅表现在女性身上，一个长期处于受虐状态的人，往往会有“习得性无助”，会对加害人顺从，不敢反抗。这并不是受虐者的懦弱胆怯，而是人类正常的心理防御机制。这种情况下，需要外界及时介入，同时提供心理治疗等后续康复服务。最重要的是让人们意识到，一旦对方有过暴力行为，即使对方跪地求原谅，一旦原谅，不久后依旧会继续发生，这就是所谓的“亲密关系暴力循环”：从甜蜜，到冲突，到暴力爆发，再求原谅，和解，而后甜蜜一段，又继续循环。一旦出现暴力行为，就要及时地反抗、求助，结束这段关系。二、远离以伤害自己表达爱的人家暴过程中常见的“谴责受害者”逻辑：人们并不去关注问题的发生是因为施暴者的错误行为，而往往喜欢从受害者身上找原因，这种“谴责受害者”逻辑是非常可怕的。暴力往往只是“控制感”的表现形式。一个人会施暴，尤其是长期施暴，可能有时会有所谓的偶发事件的触发，比如吵架了、喝酒了等。但本质上，是通过暴力手段去满足内心控制感的需要，这种内在需要是相对稳固的。亲密关系暴力相比于公共暴力或者对非亲密关系人的暴力，往往存在隐形的部分。因为它发生在更为私密的环境和人际关系之中，不容易被外人辨识到。如果一个人以伤害自己的方式来表达对你的爱，为了追求你不择手段不惜牺牲很多，那这样的人一定要远离。因为健康的亲密关系，不是爱的有多深，而是爱的平衡，爱的有自我和彼此尊重。参考资料知乎：宋君苔澎湃新闻： 张家然
546,no_content
547,no_content
548,no_content
549,本人目前是一所广东高校本科的大学生，在童年时期遭遇过十分严重的家庭暴力、经济封锁和情感控制。这十几年来，从一个缩在墙角的消瘦小男孩，到成为现在心智相对健全的青年，我也经历过数年的解离、麻木、恐惧以及抑郁症。在这期间，为保证自己不走上自杀的命运，我不停地学习着各种知识，翻阅各类心理学书籍，也主动寻求心理医生治疗，平常也会冥想、运动...用一句老话说，就是在关于原生家庭不幸这一块，心里受的伤，为寻求治愈，不管是偏方还是良药，不管是西医还是中医，我都大大小小，多多少少地尝试过一遍。同时，我也会观察生活中、网络上其它原生家庭不幸的人，他们的应对方法，以及他们如此做之后，导致的他们目前的处境综上呢，结合经验与教训，我总结了自己的一套摸爬滚打的经验，在这里拿出来和各位探讨一下备注：以下实际方法属于我个人的独特经验，大家应用到自己的身上应具体问题具体分析
550,在所有的方法开展之前，大家必须先了解一个十分基础的概念，叫【自爱】什么是自爱呢？配图来源：表情包阿狸心疼的抱住爱哭的自己就是一件十分自爱的事情。为什么要抱住自己，因为受委屈了被家暴的孩子和大人，都受委屈了你会说这就是自爱？抱住自己还不简单吗？有手就行。其实这是一件很难的事情你不仅要抱住自己，以获得暂时的心理安慰你还要想，那我怎么样做，可以永远摆脱这种让我痛苦的处境？先提示自杀和反杀在我这都是错误选项。用知识武装头脑，把法律当作武器一个人由大约是40-60万亿个细胞组成，每一个细胞都有生命你是你身上40~60万亿个细胞的国王，你有责任去保护他们。每一次家暴，你身上死去的上皮细胞数以万计，你要去捍卫他们的生命你不可以让他们就这么白白死去你一定要找到让他们能幸福的方法像我觉醒相对还行，21岁才真正的学会自爱
551,你挺不容易的，抱抱(｡･ω･｡)ﾉ♡
552,no_content
553,no_content
554,no_content
555,从2017年在贴吧发了第一个求助贴到现在3年，从第一次拿玩具砸我发展到昨天站着被踢从后部踢了一脚，被反复推搡，被让滚。感觉离被按在地上打的地步不会很远。觉得自己穷途末路了。
556,那还不走
557,一年比一年严重
558,有孩子？
559,17年我也发布的第一个帖子，发布求助一个月后成功离婚，现在过得很幸福，楼主深思一下，到底是谁的问题
560,别太难过了，学会爱自己，希望你以后越来越好，坚强一点，加油。
561,no_content
562,no_content
563,no_content
564,人生就像一场戏，因为有缘才相聚。相扶到老不容易，是否更该去珍惜。为了小事发脾气，回头想想又何必。别人生气我不气，气出病来无人替。我若气死谁如意，况且伤神又费力。邻居亲朋不要比，儿孙琐事由他去。吃苦享乐在一起，神仙羡慕好伴侣
565,确实，但是烦恼来了控制不住悲伤。
566,no_content
567,no_content
568,no_content
569,每天都在以教育为名，家暴！足足20年没有一丝愧疚，不分场合的家暴，只为满足你的虚荣！我永远记得我的小伙伴弃我而去的时候那句话：我爸妈说你爸是个神经病，要我离你远一点！
570,远离他，重新建立自己的价值观、人生观，不管以什么理由长期打孩子的，都是懦夫
571,您好，想给您发一个私信，不知道是否方便？
572,等这种人真诚的道歉简直是天方夜谈。父亲的错孩子不应当承担，不管那个伙伴的话是故意还是不懂事，楼主你也不必自责。有时候不是自己的错人反而会有自责心理。
573,no_content
574,no_content
575,no_content
576,我有这样一个父亲，在我很小的时候我就看见他跟我妈吵架，有一次他生病了，我妈从馆子里给他买了一碗丝瓜肉片汤，然后他就跟我妈吵架，嫌不好吃，然后我妈就没管他，之后他越来越来劲了，跟我妈两个吵了起来，我妈一边哭一边说要跟他离婚，那时我还很小，我记得家里面还来了一个姐姐，那个姐姐还帮着劝，可是我爸生气地把碗都摔坏了，而且后来我去外婆家里玩的时候外婆说我爸经常打我妈，说我爸年轻的时候脾气很冲，还问我现在我爸现在有没有打我妈，现在他在做生意，家里面都是我妈在做饭，也在帮着做生意，我妈的身体现在很不好，有支气管炎，而且上了年纪记忆也不好，所以做生意难免会出错，但是我爸就经常说她的不是，骂她，我妈经常都说她死了就好了，而我在一边又帮不了什么，我看着我都很难过，他也经常打我，他是那种你只要不顺着他，他就会大声说话，跟你吵架，问你服不服，搞得一家人根本不是一家人的样子，那时我妈要是跟我爸离婚了多好，我希望我能够独立起来，然后离开这个人渣，带着我妈去过好日子！家暴的男人都应该去死！！！
577,人渣
578,去死
579,这种人怎么也不遭报应啊
580,人渣真的是太多了
581,现在这样的人渣不少，如果有一条法律能对这样的人接受惩罚就好了，在外面打架就要拘留，可是在家打老婆孩子的**却谁能管了，在外面像个人样，在家就是**一个的人，变态一样
582,一样的，我是残疾人，和我妈在家养殖很多小鹅特别脏累，他总是挑三拣四，还说我妈懒明明都要累死了，不明白一个大男人，五十多岁了，骂人啥话都是说，各种生殖器官挂在嘴边，我在心里默念他是一条乱叫的狗
583,幸运的人用童年治愈一生，不幸的人用一生治愈童年。
584,我男的被打骂二十多了 最后直接报复  他现在不敢打了   我堂哥有个儿子三十多依然被他爹打     对方家暴得强势 得闹大
585,家暴男人都去死吧
586,确实，家暴男比**还**
587,说的对，家****都应该去死。
588,no_content
589,no_content
590,no_content
591,no_content
592,家庭暴力简称家暴，是指发生在家庭成员之间的，以殴打、捆绑、禁闭、残害或者其它手段对家庭成员从身体、精神、性等方面进行伤害和摧残的行为。以上是百度百科对于家暴的解释。其中很大一部分家暴都是发生在夫妻之间的，最为常见的是丈夫殴打妻子。
593,首先我们要明白家暴不仅仅是家庭之间或者夫妻之间的私事，家庭暴力是危害人身安全的违法行为。所以，不要认为家暴是见不得人的家务事，应该拿起法律武器争取自己的合法权益。家庭暴力并不仅仅是小事，有很多新闻，家暴致死，可见其危害力有多大。
594,之所以会引起家庭暴力，是一方过于暴躁，而另一方又过于软弱与纵容。特别是女性，身体方面往往比男性若，所以遭受家庭暴力的比重相比较大一点，而且女性性格也多数比较温柔，怯懦，往往默默的忍受来自丈夫的家庭暴力，而敢怒不敢言。
595,也有一部分原因是被家暴者太容易原谅对方。比如夫妻之间，丈夫大发脾气而不惜对妻子大打出手，但是当打完之后，马上就后悔了，又恳请妻子原谅自己，并且保证绝不会有下一次。这时候妻子往往心软而原谅对方，但是丈夫并不会因为妻子的原谅而改变自己。
596,有家暴倾向的人，一般都存在心理扭曲的现象，如果是一种病态，那么就要接受医生的治疗，家人也可以带对方去看一下心理医生，如果患者接受治疗，那么我们就放下一切包袱，努力配合。如果患者不肯治疗，那么我们还是尽量远离他，以免发生什么不测。
597,如果家暴过程中，被家暴的一方无法反击，那么一定要报警，让警察来介入此事，千万不要拿自己的生命开玩笑，因为真的有很多的人死于家暴。如果没办法报警，就大声呼救，或者拍打邻居的墙面，来取得别人的援救。
598,如果是夫妻之间，经常发生家暴，妻子一定不要忍受，不能放纵家暴一方不顾，必要的时候可以拿去法律的武器来保护自己。可以去法院起诉家暴者，来争取自己的合法权益不受损害。
599,no_content
600,no_content
601,no_content
602,被男友扇了一耳光，是不是应该离开他？昨晚和男友一起出去吃饭，他喝了酒，回家的路上就叨叨叨总埋怨我，我就让他闭嘴，没想到越吵越凶，他指着我骂骂咧咧，很突然的就狠狠的扇了我一耳光。我懵了想还手，但是他两只手拽着我的胳膊不能动，并且说如果我不老实还要揍我。借着酒劲，还说了好多难听的话，我是不是应该马上分手离开他？
603,之前有没有打过你
604,看你怎么想了，如果感情很好，可以考虑再给他一次机会。如果一般的，马上分手。
605,我建议你分手，喝了酒就耍疯的不是啥好东西
606,立马分，家暴不能原谅，有一次就有无数次
607,他因为这种小事情上的口角，生气转而通过暴力手段发泄自己的怒火，这说明他认为打女人是没错的。如果他以后再生气，会不会还打你你？这就死家暴男的雏形，要是不想以后被打死的话，立刻远离这种人吧。
608,啊这啊这一时冲动？喝酒不知道自己姓什么了？
609,还不及时止损，这个吧里的女人都没有用她们血的例子，叫醒某些自我感动的母人吗
610,分了吧
611,留着过年？
612,离开。不要有圣母心，不会改。不要相信，再爱也分开，要不然后悔来不及，
613,我女朋友放老虎咬我 ，我都选择原谅了
614,这种人不是**吗？你看他喝了酒敢不敢打别人女朋友啊！你也是**一个，这还问个屁啊！他喝了酒只是干了平时非常想干而理智克制了！他喝了酒又不去吃屎么
615,如果可以忍受他的暴力行为，殴打，可以在一起。另外还要考虑到暴力行为的升级，因为看你说的你属于比较怂不敢反击又不能下狠手的，单方面的暴力升级只会打你越来越狠，想到这个还能接受就可以踏踏实实在一起了，祝你们幸福。另外你和他在一起还有一个好处是避免他祸害其他女人
616,肯定离啊
617,no_content
618,no_content
619,no_content
620,真人真事
621,no_content
622,no_content
623,no_content
624,今天被我妈给打了。这已经不是第一次了，拿着我的钱不转给我，用脚踢打我，踹我，还恐吓威胁我。她已经打了我好几次了，每次都是喝完酒打的，还要赶我出去。各位帮忙看一下这算不算家暴算的话帮忙传播一下，谢谢
625,那你还算好，我“爸”不喝酒都会拿铁杆子打我，说我“滚又不滚”，后妈呢，就说“爱滚不滚”
626,离家出走吧
627,算，我妈下手比这还狠，还咒骂我罪孽深重该死。你现在怎么样了
628,传播有毛用啊，这个自助吧，躲不掉就离家
629,你打回去啊
630,no_content
631,no_content
632,no_content
633,家暴只有零次和无数次我从没想过自己会有想自杀和杀人的一天，活得越来越痛苦，却又不敢去死。
634,对我爸的记忆只有童年的打骂，被撕坏的书踢坏的门高高落下的巴掌拖鞋皮带以及头被按进水缸的窒息感
635,高中上了寄宿学校很少回家也很少遇到我爸了，我也从不打电话给他。好像童年的那些痛苦都过去了，亲戚都让我对他好，让我叫他爸。慢慢的我也开始对他笑脸相迎了。
636,直到大学暑假的一天，和以往一样平凡的中午，开心的和叔叔家人一起吃饭，我和对面的叔叔聊着小事，突然的一巴掌打懵了所有人，之后就是掀桌子，扔东西。我到现在也不知道是为什么，只知道从哪天起我决定再也不原谅他了。他不是我爸爸。
637,我妈哭着说为什么打她，说要离婚。也是那天开始我就一直期盼着我爸妈能离婚。
638,从那个暑假开始，假期除了过年我都没回过家，在外面打工。拼命的想赚钱，想给自己安全感，因为我感觉家不是我的依靠。最疯狂的时候一个月上了330个小时的班，真的特别累。下了班回到自己租的小房子，不开灯，也不出去玩。那时候的老板真的挺好的，发现我不太对，经常打电话叫我出去吃饭，让我去看电影。后来真的太累了，身体和心理的。我辞职了，想自杀了，想在死之前做完自己想做的事情。
639,去看了一场演唱会，去骑行了，去见了认识好多年的网友。也是那场演唱会让我遇到了五月天。我经常说是五月天拉着我不让我掉下去。
640,听着勇敢倔强憨人，告诉自己为了那个将来要自己勇敢再勇敢。心中无别人中有一句歌词是汝予阮一个梦，袂记人生的苦涩。我开始追星，努力赚钱，去看他们，去忘记人生的苦痛。第一年我看了六场，第二年我追了内地所有的场次，还去台湾看了跨年场。那段时间真的很快乐。
641,如果等在这里停止就好了。不管我如何去努力忘记不好的事，生活总会告诉你更不好的事情还好。
642,在这段时间里，我爸遭遇了几次意外，有的真的是自己找死。我在内心是万分希望他死了算了，可他没死。只不过残疾了，然后噩梦就来了。之前他的工作导致他不是经常在家，现在残疾了，他每天就是赌博，一天三场。他来吃饭了我妈要是饭没做好就是骂。我妈不是全职主妇，她也有工作。我可以说我和我妈其实在后来都没怎么用过他的钱。我妈为了能让我买房，和别人合伙开了店，一边上班一边照顾店，还要家务活。
643,楼主，可以加个QQ聊聊吗？
644,你已经大学毕业了，自己生活就是了，一个人也没那么难，找个男的成家。
645,说实话，我不太理解你的脑回路。你都毕业了啊。让你妈起诉离婚就好了啊。离开老家，必须要离开老家。然后和你妈一起去外地。只要你和你母亲一起工作。完全可以立足的啊。为什么想不开想要自杀。而且看你好像是女的，你只要买攒钱买个小房子就可以了。
646,家暴很多年了，不过我大了以后自己有能力了就不回家了，就打不到我了。但是我妈经常被他骂，其实语言暴力也特别难受。我妈真的很软弱，从来不反驳他，忍了过来。
647,我真的特别不舍得我妈，但是也很讨厌我妈，她放不下亲戚，所以受制于他。被威胁不敢反抗。
648,我被他打的时候，有种解脱，希望他能把我打死。我死了，他就可以坐牢了，我就解脱了，我妈，我妈的亲戚也解脱了
649,我真正见到了魔鬼在人间。所有人都不敢对他说不好的话，因为怕他。连来警局做笔录都不敢怕被报复。只会对我们说，包括警察也是，对我说，你要好好去劝劝你爸，调解矛盾。我要求拘留他，警察还帮着。希望我们去乖乖听话不要反抗他。然后这一切都不会发生了，说是我们的错。这是我姑姑说出来的话。
650,我大姨还说要我乐观点，我妹就没心没肺的。我说因为她生活在一个好的家庭。
651,可以聊聊吗
652,一个残疾人你们还不好对付吗？
653,离开这个痛苦的地方，你或许会有新的开始。
654,我也每天被家暴，想死却又不敢，从小没用过我爸一分钱，上到初中就不上学了，天天被打被骂
655,这种疯子最简单办法，跟精神病院医生联系好，关里面去！省的到处打人
656,你想想你爸为什么不敢打别人家的孩子和老婆，因为他们会还手！你就是贱，活该挨揍！我爷爷以前喜欢打奶奶，我伯伯是个疯疯癫癫的人，直接攥着胸往墙上掼，这以后我爷爷脾气收敛多了！
657,找个丈夫吧，但一定要找对人啊
658,你找个老公保护你呀
659,no_content
660,no_content
661,no_content
662,如果被家暴了，请一定要离婚。结婚三年，怀孕后把工作辞了，因为一双儿女无人照顾没有公婆可依靠不得不辞职了。没有工作的日子真的是暴露一个人的本性，已经两年没有工作了，孩子一岁半，所谓的丈夫(全篇通称男方)长期家暴，语言侮辱，我曾多次报警，警察总会问我为什么打你，可笑，家暴的人打人需要理由吗？一句话不称他心就可能突然扇你一耳光，比如你反驳了他一句他可能就会掐你脖子，把你头往墙上撞。从最开始的指望警察来制止他，震住他，到最后觉得报警唯一的用途就是家暴离婚的证据了。这里说一下，我们的警察，我们的为人民服务工作者，真TMD白吃国家的干粮。每次来和颜悦色的说几句男方要相互理解，然后再和女方说下把你打出血了吗，你去验伤我们再来判断是不是家暴，你要离婚你走法律程序，我们无权对男方做任何惩罚。这咋一听女性人身权利是不被保护的，怪不得男的敢一次两次动手，然后就不了了之走了。我倒不是要说让警察打男方，你可以呵斥下对方，可以让他写下保证书，至少对他是种告诫。人家到好来了什么都不作为。警察的不作为我算是见识了，想知道哪里可以投诉他们吗？言归正传，说我的家暴来，我一开始孩子还太小我是不想离婚的，我曾经研究过是不是我激怒了他，他才打我。如果是这种情况的女生其实可以看下对方的点在哪里不去触碰就可以了，偶尔一次被激怒打，还是可以原谅，毕竟婚姻不易。但是无数次后，我很肯定我碰到的是典型的家暴型人格，因为你不知道他的点在哪里，或许他根本就没有点，他就是以打人来满足自己变态的心里，他不会觉得他错永远都是别人的错。三天两头的打你一巴掌掐你脖子常有的事，言语贬低你，说的你一无是处，见不得你轻松一点。一段时间，我觉得自己的精神要崩溃了，如果不是我的两个孩子我可能真的被他逼的跳楼或者喝药了。终于在无数个痛苦的记忆后我醒悟过来了，离开是对自己最好的救赎。对孩子最好的负责。曾经以为给孩子完整的家庭就是健全的家庭，但其实不是，我所理解的健全家庭应该是让孩子身心健康安全的家庭。但若孩子生活在一个家暴的家庭中，从何去谈安全呢，孩子也不会感到幸福，长大后他会缺失爱的能力。一个缺失爱的能力的人也无法去适应这个社会。那他不如生活在单亲身心健康的妈妈身边来的快乐。想通这一点，我就勇敢起来了，我要让我的孩子未来可期，所以我必须离婚。离婚后，当然你要扛起孩子的未来，你得努力挣钱啊，我们有手有脚这个年代饿不着孩子的，无非就是可能没以前的条件好，但是孩子适应能力很强，只要吃饱穿暖开心快乐为什么一定要做家里的小霸王了。至于房子什么的没有就没有吧，你有了孩子你可以培养他挣钱的能力，他自己将来能买房，还有学校，不要什么学区房了，好的学校只要你培养了孩子你可以让他去考，学费就是普通价格，不一定比私立差啊。相反如果你继续忍受着家暴，你的孩子可能将会成为下一个暴力者，可能他住着学区房，上着对口的学校，但是长期的家暴环境会迟早扭曲他的价值观，自私，易怒，无情，他不会感谢你这么多年辛苦的委屈求全，他会看不起你。这是你要的孩子吗？？？在家暴中的妈妈们，醒醒吧！！！如果你没有钱请找政府法律援助他们会给你派律师，毕竟层次越高的人越会尊重人，他们会管的。如果你没有住处也请找妇联机构，他们会给你想办法。至于我所碰到那几个警察，大概他们生活在最底层吧。写这篇文章是希望那些和我一样长期在家暴中的妈妈能勇敢的站起来用法律手段去维护自己的利益，我也正处在打官司中，希望自己一切顺利！
663,层次越高的人越会尊重人？就看你碰到的是谁而已，别乱说
664,共勉
665,警察其实也不好办，目前法律对这东西也没太多办法，要认定他家暴需要证据，而你没有证据。证据不充分，我理解你的愤怒，但是警察也有自己苦衷。况且家暴最好的办法就是离婚永远再见，警察认为如果你过不下去就好离婚再见。用不到他们的。你不懂法，你如果懂法就知道了，你这么对你老公，警察也会对他这么说，不是不保护女性，而是现行法律缘故。要么你去全国人大，让他们把法律改了
666,看过不要和陌生人说话就知道，女主该用的法律武器都用了，报警妇联都没用！唯有离开！
667,说得对，加油，支持你
668,家暴男+1，已经没气被气了，奉上电话13538268235
669,家暴男+1，已经没气被气了，奉上电话13538268235
670,离不了婚，找妇联  寻找帮助 。那些追星的人。那些钱拿出来做这些公益活动。不知道，造福多少人。
671,施暴者果然有共同的特征，我家男方还有一条，干扰我休息，常年干扰我。沟通也没有用，大半夜也把电视声开的很大，从不顾及我和孩子的感受。这个打扰睡觉的事，真的太让我崩溃了，总睡不好，经常出虚汗。
672,许超武，18259014210  ，家暴男加1，可耻
673,你直接怼回去，打人违法，不关什么理由！违法你就要处理他！再补一刀，他打了你老婆，你会原谅他吗？
674,no_content
675,no_content
676,no_content
677,就是经常一点小事就辱骂，人身攻击，主要是是话极度难听，根本不是为人父母说的，可否列入家暴范围，有个重点是成年子女
678,不算吧？因为现在的法律不健全，警察来了，顶多是说服。
679,语言暴力也算，但是我国这方面比较薄弱。
680,一般言语刻薄为人歹毒的父母大多没什么本事。这是我观察得来的。
681,我倒希望我妈对我只是人身攻击你能想象从小只要我妈生气就打我没有理由也找理由打我一直打到我初中开始反抗他彻底打不过我的时候吗导致我从小看起来就很好欺负，经常被同学欺负。(打不过我是指我会反抗会躲一般打不到我了)导致我从小就自卑胆小直到初中开始反抗他的时候才好点，才知道世界这么大，不只有像我妈这样的。同学也不敢欺负我了我都会打回去，终于他不打我了代价是在我反抗的这些年磨掉了我爸对我的爱他觉得我不想小时候那么懂事了脾气大了天天和父母吵来吵去打来打去，真的很难受他要是接受不了这样的我小时候就别对我那么好别给我希望说不定在我就能舍得他离家出走了不直到走了多少次还是回家了真的当时真的很喜欢我爸宁愿继续挨打也不想再也看不见我爸
682,同感
683,我能说我家已经上升到动手想干掉对方了么
684,怼回去
685,劳步思
686,一天到晚言语侮辱，喇机，人渣
687,家暴都该斯
688,骂不还口
689,打吼两句怎么了
690,被骂的时候我都直接无视的
691,打我我为什么不能发脾气
692,我就顶了句嘴而已
693,嫌我没接她手里的菜，骂我养你你就该感恩戴德，你是什么东西，我顶了句嘴就开打
694,家暴出的抑了郁吧症，症状就是每天都在想着去死，沉浸在自己的世界里。现已好转。
695,经常性其实在法律上是算的。但反家暴的路还很遥远呢。不能坐以待毙等法律等制度发展，你要促进他的发展，早日维权。
696,我是丽丽，来自内蒙古，我的母亲有严重的家庭暴力倾向，有时候会突然发脾气，无缘无故把家里好好地电视柜用脚踢坏，经常自言自语，咒骂家里的亲人，可能和她不幸的婚姻有关系，她离过婚，前夫出轨，生活的艰辛让她至今存在一些精神问题，和心理问题，我是她女儿，经常陪伴她，照顾她，但是有时候她忽然提起过去的往事，她会暴力的用语言攻击我，考虑过给她请心理医生治疗，但是她不愿意看心理医生，我目前一直在忍受，不知道怎么才能帮助我的母亲
697,我天天被骂，从小到大，因为一件38元的衣服被骂，想买教材那个男的当面教唆我去偷还好我是个有底线的人，这种事情我才不会做
698,不是被骂，是被侮辱，所以导致我现在神经衰弱
699,我爸说话有时候真的很难听
700,理解孩子，爱孩子，尊重孩子，是父母的责任与义务。
701,算的，但是法律不管，建议你在没有外人情况下骂回去，负责会被说不孝，然后这时候手边准备铁棍，省着被家暴。记着，用铁棒威胁他别动手哦。
702,算吧，离开去工作
703,我也想问，我这个不仅仅对你辱骂还上手打你，她不仅对我这样对我爸也这样，言语上的羞辱，站在道德制高点对你进行人格上的侮辱，我也是成年子女，这个到底应该怎么办
704,不属于家暴范畴，子女已民事独立父母不具备监督权力，属于故意侮辱他们的罪名。
705,除非有威胁人身安全（弄死打残）之类，你录下来后报警，然后又拒绝调解，执意追究，这样才会拘留的
706,被辱骂的儿女从心理上一般也顾忌社会舆论，一般也就是跟亲戚说说，但改变不了啥，如果真想不受气，那就只有尽快独立，任何方面都不依赖父母。他们帮你是情义，不帮你也能过好
707,no_content
708,no_content
709,no_content
710,这个月第三次了，我13岁初中生，学习成绩不好，我爸对我特别严格，每次都在手机上找那些所谓的学霸总结出的习惯，让我背，让我做，一没有做好，就用衣架，充电线，扫把棍打我，扫把棍打我已经打断了俩根，充电线抽的我连包裹在外面的橡胶皮都没有了，衣架不知道已经断了几根，现在我被打的，平常手发抖严重，腰因为被打，总是疼。没次父亲打完后，说明天继续打我到时候，就是对我的精神摧残。现在晚上就是睡不着觉，明天都是上课睡，恶性循环。我不敢告诉别人，因为我爸现在是唯一管我的人了，可是明天这样子，我恨不得从窗户跳下去
711,每一个成年人都是从心理脆弱的青少年时期走过来的，我能够理解你的心情。这种家长确实存在。“孩子不打不成材”这种想法在他们的心里已经根深蒂固了，想要一时改变还真是困难，建议你父亲下次再打你，你要搞清楚具体原因——如果真是你做错了，就告诉他不要再打你了，你已经长大了，给你留点自尊，告诉他，可以换一种你可以接受的惩罚方式。想必你父亲也不希望，你以后成为了一个业绩不错，但是没有尊严感的人；如果你没有做错，可以向爷爷奶奶，外公外婆（或者是令你父亲敬佩、也关心你的亲友）求助，把事情告诉他们，听听他们的想法。事实上，青少年的确敏感，青少年的确脆弱，有多少孩子曾经有过一闪念的自杀想法。。。但是，我们终归要面对现实。小同学，你要明白这样一个道理：你父亲对你的不理解不体谅，以及他带给你的伤痛虽说是痛彻心扉，然而，跟整个人生相比，也不过是暂时的，痛苦并不是永恒，痛苦过去了，生活又会归于平淡，幸福 ，平淡。当下的苦难并不是（也不可能）成为你人生的全部！所以，不要再胡思乱想了，面对现实，尽自己的最大努力，勤奋学习；学习之外，少和你父亲聊天，争辩。希望你以后不要成为了像你父亲那样以家暴作为主要沟通方式的人，等将来有能力了，一定要对自己好一点，努力追求美好生活，这样，才能保持一个好的身心的健康。
712,男的女的？
713,爱他就原谅他
714,单亲家庭吧，可怜的娃
715,楼楼还好吗？得空了就回复一下，哪怕回复一个标点符号呢   ｡◕‿◕｡大家都很关心你
716,不要用扫把棍子，不要打腰。打孩子只是为了让他用功学习，但是打的部位不对用的东西不对都可能打伤孩子的。假如不小心把肾脏打破了咋办？这个父亲咋就不想想呢？
717,无能，懒！不知道怎样教育当今社会的孩子，也不学习怎样教育，于是打一顿了事。1父母作为强壮的成年人，用暴力去要求孩子，会给孩子一种错误的引导~·即“只要目的是好的，暴力就是解决问题的合理方式”2暴力会使孩子对父母的信任和尊重变成了屈从。孩子长大后容易欺软怕硬，嫁祸于人，敢做不敢当。3这样的家长目光短浅，当体罚到了一定程度时，孩子就会用各种方式逃避，如推卸责任，习惯性撒谎，离家出走等等~·甚至一些孩子会自杀。体罚也许能暂时提高成绩，但长此以往，孩子肯定问题更多，心理不健康甚至人格异常·心理变态。4 孩子都已经承受不了，想要自杀了，若再说打你是为了你好之类，就纯属废话了，错了就改，避免产生严重后果，这才是有人性的教育。
718,其实，除了心疼，理解你，其他事，都做不了
719,别想不开加油
720,等再过10年  你就会知道  长辈这么做是对是错
721,就站那儿让他打，看他能打死你不？我以前被打，没人拦我爸。后来我站那儿不动，家里面都忙着拦他。要真受不了，帮人很难，但是找事儿还不简单。说是什么疼你，爱你，恨铁不成钢，无非就是看你不爽，酒喝多了，心情不好，呵，打完就走，啥都不管。缺点谁都有，坦然面对不行吗？扯什么打你是为你好。长辈打晚辈，我觉得得看结果和原因，你要是整天干一些乱七八糟的事情，揍你没毛病，但是打断胳膊腿儿什么的就过分了，打完后不管不问，也不给药，呵，一个长大了的的熊大人
722,现在不玩命，将来命玩你
723,哎。有的人自己不是凤凰，下一个蛋希望，逼迫蛋成为凤凰。
724,棒子出孝子不是没道理的，我奶奶以前打我爸往死里打，打到最后我老爸最孝顺，奶奶死了我爸哭的稀里哗啦的，我也小时候也天天被我爸往死里打，现在一样孝顺
725,孩子，过来人的经验，你唯一的出路就是混的出人头地。看好你，把这些都当成你努力的动力！加油
726,为什么一定要打孩子，孩子没有反抗的能力就要打，以后这个孩子父亲老了，惹到他儿子了，难道他儿子因为有能力了也可以打他父亲吗，我觉得体罚是最错误的了，孩子学习不好，只知道打，根本原因根本解决不了，哪怕给他讲解书本也好，不会的问题不补习讲解，孩子笨，也是大人遗传的不好，不够聪明，不想办法多让他学习，而是不会就打，打就会了，打就能聪明你了，那爸爸你也打我一顿吧，我明天就变成比尔盖茨啦，孩子你要跟你父亲好好谈谈，你说我不够聪明，一道题我要多听几遍才能会，爸爸你能多给我讲讲吗，而不是打我，我本来就没有遗传聪明的基因，你让我学习打人的技巧吗
727,和你爸聊天，孩子学习不好没关系，打坏了是你爸遭殃
728,可怜的娃
729,有困难找警察叔叔，听过这句话吗？小朋友
730,
731,你这，脾脏破裂，肋骨骨折。
732,系统又抽风，在楼层回复吧友的话发了两次都不显示~·恨铁不成钢也好，教育也好，总归目的是为了让孩子变好的，对吧？但目的好，被教育者不一定100%会变好，方法对，孩子会成为父母的骄傲，但方法不对，孩子有可能离家出走或精神心理异常甚至自杀的都有不少~ 人和人的个体差异太大了，所以对别人适用的方法不一定适合你家孩子。要根据具体情况调整方法。很简单的道理，为什么一些人就是不明白呢？方法特重要，光目的好没用，方法错，什么都徒劳。
733,你是男是女？这是腿还是脚？
734,换监护人 或者报警
735,我被***起来打，还不是活得好好的，等以后大了别管父母就好，搬出去住
736,如果你自己没有办法的话，可以跟老师或者你家亲人反应一下，让他们跟你爸爸谈谈，你人言微轻，但是如果其他人可能说话有用，最不济，也许下次打你就没有那么频繁了，又或者，你跟你爸爸谈谈，让他换一种方式。
737,未成年人真的没什么办法，极大部分人都这样，就算你完全按照他们说得做了，考试考差了还是照样打，只希望你以后能做一个好的父母
738,打？呵呵，现在他打你，他打仍他打，等他打不过你了的时候，记住小伙子，以前的事情不能就这么算了
739,报警，给你爷爷奶奶，外公外婆打电话吧，你不离开对你以后影响很大的，我小时候，所谓的爸打我衣架打断了，去厨房拿刀逼我承认的
740,no_content
741,no_content
742,no_content
743,今天我看到了我妈发的朋友圈，是我弟弟的检讨书，上面说他把我爷爷的烟偷偷带了一根到学校去学着他（我爷爷）的样子点了，被老师发现后告诉了家长，回到家后就有了那张检讨。我觉得嘛，小孩子，什么都好奇是一定的，但这样一定是要好好教训一下的，教训过了让他知道这是不对的就好了。结果，就在刚刚十点多的时候我又看到了我妈发的朋友圈，一片漆黑，整个村都很安静，安静到只能听到我弟的哭声。我妈说他把我弟弟吊起来打，打了好一会了。他就是个有暴力倾向的疯子！我们几个都是从小被他打到大的，连我奶奶他也是说打就打，几年前的一个中秋节，就因为我爸没有及时给钱，大半夜的就打我爸，从二楼打到三楼。对我们从来都是动辄打骂。也就是我，因为十六岁了不好打了（也因为我到外面读书了，他达不到了）才没打我，可是我的两个弟弟他还是想打就打，想骂就骂。有一次他还说我们几个都是他带大的，他打死我们然后埋了都没人说。我真的，好讨厌他。
744,no_content
745,no_content
746,no_content
747,我觉得我一辈子被他们毁了，我现在性格懦弱、自卑，做事唯唯诺诺 没有平常心，童年阴影挥之不去，恨他们
748,经历过无数次自杀未遂的行动后，想通了，该吃吃，该喝喝，爱咋咋的，别管别人说什么，父母就当普通朋友，跳出去看家暴最可怕的地方就是亲情，以爱的名义干伤害的事，你告诉别人除了和你有共同经历的，其他人都不信，说你不懂事，你父母多难，只有你自己知道，你的心灵性格精神情感，被毁灭的一丝不剩时，究竟有多痛苦。我是看了道德经才慢慢走出来的，楼主可以试试哲学。
749,长大了怂的一 b
750,做自己最不敢做的事，成为自己不敢成为的人 ，必要时候对自己狠一点，当你在社会闯出一番成果，你就不会这么想了。
751,一样，被打到重度抑郁加焦虑
752,嫉恶如仇
753,我也是
754,还有被迫害妄想症严重
755,恨死垃圾父母，对他们没有发自内心的爱，死了也不会掉一滴眼泪，垃圾父母，精神暴力外加肉体暴力，就是人渣
756,老娘宁愿一辈子独身，也不会找我垃圾父亲那样的粗暴自大恶心自私的男人，什么SB玩意，不是大吼大叫就是动手打人，倒了八辈子血霉摊上这种人渣父亲
757,家暴其实就是因为小孩弱小，所以才会激发他们的邪恶属性，充分地暴露出来
758,我有严重的性格扭曲，小时候抑郁，得过六年抑郁症，焦虑从小到大都有，后来因为失业害怕饿死，饿死恐慌症，得了10多年的焦虑症，依靠极度节俭地存钱，存了一大笔钱后无药自愈。这些心理疾病都是由于从小到大家暴导致的心理不正常。
759,可以看些哲学人生的好书，找到正确的价值观，找到人生的方向，自信地去结交几个朋友。活成自己，而不是他们阴影下的那个人
760,是不是很想忘记，可是被打的一幕幕总是会想起，很难原谅
761,我也是
762,一样
763,一样的，挥之不去的阴影，像梦魇般的存在
764,很难受，越长大越知道念书的重要，小时候学习很好，每次一点小事父母打我骂我撕我作业，到后来都不敢上学 青春期叛逆直接退学 现在每天无精打采 碌碌无为 走在路上行尸走肉一般 父母还是持续家暴
765,虽然远离了他们，过自己的生活，不过还是时不时想起自己受的罪，浑身都难受
766,
767,可恨家暴**。
768,反正我小时候就一直被家暴，就因为我和我弟打架，然后我爸就试过用脚踹我，拿藤条鞭我，重重地打我脸，还有次把我牙都给打掉，小小的事就看我不顺眼，就因为我成绩不好，我在高中三年已经尽我所力读好，考不上我自己也很伤心，反正到现在他们还是看不起我。
769,没啥，就是不结婚了而已
770,因为买了一瓶酸奶引发了争吵被打到流鼻血休息了两天脸上淤青还未散 不得已化妆去上班 冬天穿的长袖工作服 手腕都是自己内心痛苦砸墙弄出的淤青额头是撞墙留下的青紫我妈不敢拦我爸，后面要上班了我妈叫我对外说自己是摔跤了 那段时间回到家只会坐着流泪 上班又一切都正常。
771,我也是，敏感脆弱。抑郁焦虑。学业生活压力
772,不会结婚，不喜欢男的
773,我抑郁了
774,no_content
775,no_content
776,no_content
777,大家好，我是一名学生，专业是新闻与传播。最近在做一个课题关于家暴受害者的媒介使用（您是如何使用社交媒体）非常希望大家能够参与到我的课题研究中。课题中包括一次问卷调查和一次访谈（均是有偿）。主要的注意事项有①聊天地点：不限，微信、QQ、豆瓣、贴吧等任何地址都可以；电话、打字形式不等②报酬：问卷调查大约需三分钟做完，报酬为两元；访谈大约需要30分钟到45分钟，报酬为50元，可选择做其中一样。问卷调查不限人数，访谈限15到20位③隐私：在课题中您的姓名将会以化名的形式出现，所有材料都会经过保密处理，绝对不会泄露出任何个人信息④联系方式：可私信我也可通过我的邮箱联系：a568662954@qq.co⑤本次课题的意义：通过社交媒体的使用成功改善自身认知、情绪和现实处境的家暴受害者的媒介使用经验，可以为其他身处困境的家暴受害者提供有益的借鉴；家暴受害者自我意识和社交媒体使用方式的研究成果，可以让关注弱势群体的社会公益组织为这些弱势群体通过网络提供更有针对性的帮助和服务；为相关政府部门建立新媒体救助渠道提供理论建议。
778,可以啊，
779,但是我有个条件，我不要钱，我只希望能帮助到更多人走出这种家庭关系，重塑自己
780,免费接受咨询，希望和我一样遭受过家暴的人，可以早日过上幸福的生活。
781,no_content
782,no_content
783,no_content
784,男友一生气会有抑制我行动，或有时掐我脖子，算家暴么？反正身上也老青紫
785,至少说明这个人脾气暴躁，而且没有责任心，分手是明智的。
786,是的，姑娘尽早离开他。
787,早点分开吧，
788,分手还需要同意？ 说完后 人走茶凉
789,分了吧，家暴只有一次和无数次的区别。我爸爸就是这样，从小到大深有体会，我是看在眼里我母亲是怎么一路走过来的。真的很艰难，因为我她没和我爸爸离婚，但是却葬送了大半生的幸福，和管理不了自己情绪的人生活，简直是悲剧！
790,我跟你差不多情况吧，吵着吵着他就动手了，基本上都是扇脸，下手很重，第一次把嘴打出瘀血，打完后还说是我逼他的，我不认错他只有打了我我才会认（很小的事情都是他在挑我刺，我基本上都没挑过他，就比如不小心把东西碰下去了他都会拿出来说那种。）每次吵架了我哭不停，他就拿着行李要走，要回老家，我们工作在外地。在公共场合的时候他就会踢我脚，掐我手或者大腿，除了吵架其它方面都对我挺好的，我舍不得，但是现在很受不了，我也不知道怎么办
791,只能报警，你要求处理拘留，严重的刑拘，，然后分手
792,舍不得你就跟我妈一样 以后离婚被赶出去
793,咋可能报警都一个班的
794,这个还不算家暴。他也不敢使劲掐你。只是吓唬你
795,快点分开，不然你这辈子受苦受难，这辈子就完了，过来人忠告
796,坚决分手，控制不住自己情绪。目前还不算家暴。但是迟早得事情。
797,不是家暴也是极端型人格，建议分手。
798,家暴只有零次和无数次
799,楼主你们现在分了吗
800,菇凉你需要培养自己的福气，打造一个自己专属的聚宝盆，培养福气的不二法门就是斋戒布施忏悔……
